1582891719627,-0.29095834,-0.8158227,0.29975033,DATA
1582891719644,-0.398106,-0.33308303,0.9756336,DATA
1582891719665,0.20134157,0.41207623,-0.53523064,DATA
1582891719685,0.11520633,1.0150596,-0.7489643,DATA
1582891719704,-0.2833239,-1.0062181,0.57241917,DATA
1582891719725,-0.14485857,-0.6109173,0.9574213,DATA
1582891719744,0.09612649,0.36359382,-0.61408806,DATA
1582891719765,0.09901618,1.0615363,-0.7611513,DATA
1582891719784,-0.19917633,-1.0157666,0.5289049,DATA
1582891719814,-0.19890252,-0.686653,1.0904703,DATA
1582891719824,0.20079356,0.565974,-0.73098373,DATA
1582891719871,0.08895013,1.1903535,-0.90281296,DATA
1582891719871,-0.16633396,-1.0562472,0.548831,DATA
1582891719888,-0.24244112,-0.81572855,1.28648,DATA
1582891719907,0.110722475,0.5776869,-0.75865555,DATA
1582891719926,0.03274061,1.2981398,-1.1046238,DATA
1582891719947,-0.2863166,-1.1031826,0.5627098,DATA
1582891719967,-0.38654447,-0.91371083,1.4370394,DATA
1582891719986,0.13227291,0.67335236,-0.6739483,DATA
1582891720011,-0.03813184,1.4302659,-1.1175451,DATA
1582891720046,-0.26121256,-0.9475248,0.44374466,DATA
1582891720049,-0.27548245,-0.92926776,1.3400364,DATA
1582891720068,0.08808191,0.41370416,-0.6973047,DATA
1582891720089,0.016326487,1.3042657,-0.7338648,DATA
1582891720109,-0.085437045,-0.824878,0.005911827,DATA
1582891720129,-0.30633187,-0.74197614,1.5630045,DATA
1582891720152,0.446793,0.39320445,-0.7954693,DATA
1582891720169,-0.0061897375,1.2382941,-0.849102,DATA
1582891720188,0.029706378,-1.0585904,0.014248848,DATA
1582891720216,-0.6745548,-0.8052429,1.6456404,DATA
1582891720245,0.6515221,0.61679447,-0.6300812,DATA
1582891720253,0.19758593,1.2992598,-1.0193348,DATA
1582891720270,-0.17737089,-0.93741584,0.30416203,DATA
1582891720289,-0.38744813,-0.7855141,1.2536764,DATA
1582891720312,0.18190852,0.43339407,-0.35972595,DATA
1582891720331,-0.18253863,0.9480872,-0.71330833,DATA
1582891720355,-0.28321382,-1.4686563,0.79927635,DATA
1582891720372,-0.7782594,-1.962338,1.3461075,DATA
1582891720391,1.1586636,0.61790836,-0.8051157,DATA
1582891720418,1.1756006,1.8445135,-3.0109673,DATA
1582891720448,-0.6832034,-0.99858606,1.3671236,DATA
1582891720451,-0.60217613,-1.9007623,3.2720242,DATA
1582891720471,1.0024798,0.7325927,-1.5828781,DATA
1582891720496,0.33569816,1.4645993,-2.4130592,DATA
1582891720512,-0.8985344,-0.29567742,0.6347437,DATA
1582891720532,-0.6442689,-1.8100854,1.7465572,DATA
1582891720554,0.23227549,0.7886987,0.19610786,DATA
1582891720576,0.24311766,1.4580244,-2.034792,DATA
1582891720597,-0.12895517,-0.08994138,-0.014313698,DATA
1582891720624,-0.22446106,-1.928422,1.5657339,DATA
1582891720645,0.6361945,0.20694637,-0.47002888,DATA
1582891720653,0.6376398,0.52548516,-1.5574312,DATA
1582891720673,-0.2161685,-0.30415356,1.0311775,DATA
1582891720694,-0.28700534,-0.7107651,0.9261112,DATA
1582891720713,-0.31091052,1.3558085,-0.60045815,DATA
1582891720738,0.058518797,0.53476036,-0.98120403,DATA
1582891720755,-0.8697441,-0.36321068,0.6963415,DATA
1582891720778,-0.5527449,-0.3039081,0.9744053,DATA
1582891720802,-0.20988932,0.7509116,-0.8373947,DATA
1582891720817,0.3029747,0.5281725,-0.3710394,DATA
1582891720836,-0.73533523,-0.8582598,0.7873297,DATA
1582891720876,0.03810489,0.89814687,0.46831417,DATA
1582891720880,0.35506105,0.15011728,-1.3801851,DATA
1582891720896,0.25017035,-0.0351696,-0.22396374,DATA
1582891720915,-0.8369654,-1.226131,1.6382656,DATA
1582891720937,1.0090644,0.078097105,-0.49823666,DATA
1582891720956,-0.31106478,1.4130104,-0.8695383,DATA
1582891720981,-0.59835136,-0.4889269,0.7624216,DATA
1582891720998,0.8083322,0.18199599,0.42941952,DATA
1582891721027,-1.5442781,1.1371137,0.5805731,DATA
1582891721039,0.4471854,1.4216776,-2.183772,DATA
1582891721056,-0.4889223,1.4061537,1.7206535,DATA
1582891721083,-0.3474607,-0.4604733,-0.175663,DATA
1582891721099,0.3580499,3.3697138,-2.180048,DATA
1582891721120,-0.89565516,-0.21081817,2.1552153,DATA
1582891721138,1.0481532,1.2479228,-2.459322,DATA
1582891721159,-1.3921335,1.1758915,3.5712862,DATA
1582891721178,1.29034,-0.46551406,-3.0237904,DATA
1582891721200,-0.98639435,3.7781858,1.6097221,DATA
1582891721220,0.8311008,-1.7503854,-1.3104763,DATA
1582891721244,-0.35159266,2.8498414,-0.10695839,DATA
1582891721260,-0.80818903,-0.37410462,0.5697088,DATA
1582891721279,0.06774287,0.7765,-0.46207142,DATA
1582891721302,-1.371851,3.3113503,0.13387012,DATA
1582891721321,-0.3343946,-0.68712914,0.43869305,DATA
1582891721340,-0.21227428,3.2321095,-1.8008366,DATA
1582891721360,-1.4582413,0.28573334,1.4233131,DATA
1582891721380,0.006702274,1.1368489,-1.115963,DATA
1582891721404,-2.3330069,2.6410508,1.0418739,DATA
1582891721430,-0.43920824,-0.18565142,0.32220173,DATA
1582891721468,-0.06272723,2.8388648,-2.1723175,DATA
1582891721468,-1.5147816,1.7825553,1.4330387,DATA
1582891721482,0.499247,0.11356127,-0.777441,DATA
1582891721501,-1.6307346,4.1423655,0.081152916,DATA
1582891721522,-1.4412131,-1.4137094,0.47608948,DATA
1582891721544,-0.90855765,2.6452017,-0.584465,DATA
1582891721562,-0.7884356,0.83627367,-0.46770287,DATA
1582891721582,-0.5292932,-0.27241933,0.6045847,DATA
1582891721602,-1.3368616,2.784771,-1.667903,DATA
1582891721624,-1.1904836,-0.52882016,0.95935345,DATA
1582891721657,1.4662447,-0.12353778,-1.378499,DATA
1582891721667,-1.3539249,2.043044,0.60877895,DATA
1582891721683,-0.5597023,-1.3669193,0.74390316,DATA
1582891721704,-0.18042934,3.0116973,-3.5349379,DATA
1582891721725,-0.4643389,-0.4766425,2.337737,DATA
1582891721747,1.2147206,-1.9320035,0.19993877,DATA
1582891721766,-0.94163287,5.5867205,-4.5409203,DATA
1582891721787,0.53721,-1.178822,2.9928694,DATA
1582891721804,1.0266004,-0.88502395,-0.37020683,DATA
1582891721830,-0.650823,1.7038604,-0.7434015,DATA
1582891721858,4.3528757,-1.4396504,0.65570354,DATA
1582891721866,1.2164313,1.4547167,-2.3430614,DATA
1582891721889,0.490399,1.9911112,-1.45537,DATA
1582891721905,3.2430964,-3.9500399,2.2409945,DATA
1582891721926,1.3532538,2.8020473,-4.0616455,DATA
1582891721948,-0.019034266,0.7312547,-0.3447895,DATA
1582891721969,3.4494317,-1.2945849,1.2764978,DATA
1582891721989,-1.8414438,1.9358251,-1.196312,DATA
1582891722007,0.11715412,1.0073036,0.37898922,DATA
1582891722039,3.3497233,-1.6258597,1.0093021,DATA
1582891722046,-2.1328242,4.3823004,-3.4277163,DATA
1582891722081,1.3651193,-0.364133,1.8716745,DATA
1582891722088,1.6807113,0.36759007,-0.68321705,DATA
1582891722108,-2.4642467,3.2158432,-1.2511663,DATA
1582891722127,2.075018,-2.2148867,2.5466738,DATA
1582891722148,-0.9709234,1.5294019,2.109501,DATA
1582891722169,-1.6168787,4.642578,-4.6834726,DATA
1582891722190,0.7589605,1.3111849,2.9157085,DATA
1582891722213,-0.16973114,-0.6037556,-1.0809565,DATA
1582891722237,-1.3353276,5.7856407,-2.835844,DATA
1582891722272,2.4638958,-2.736675,1.6002588,DATA
1582891722272,-2.2309284,2.759338,0.2211008,DATA
1582891722289,-1.7583826,2.8384135,-1.9730597,DATA
1582891722310,2.5714126,1.8955362,0.41566086,DATA
1582891722330,-0.48749566,-1.69032,-0.34099007,DATA
1582891722355,-3.4129243,2.0952382,3.3865814,DATA
1582891722372,1.7057718,-1.2860223,0.5782604,DATA
1582891722391,-1.3501288,5.8232965,-2.5127563,DATA
1582891722412,-1.2907653,2.9923165,-1.1909437,DATA
1582891722432,0.9434552,-2.935657,2.960929,DATA
1582891722458,-1.3554784,2.8754606,-1.4002504,DATA
1582891722471,-1.9664583,2.3977714,0.46180058,DATA
1582891722490,0.7572446,-0.67173815,1.8954782,DATA
1582891722510,-2.0129175,2.8507886,-0.9659605,DATA
1582891722531,-1.8431857,1.0089588,-0.9820032,DATA
1582891722552,1.100361,0.4909122,2.3048286,DATA
1582891722571,-0.82479084,2.8057404,-4.7126207,DATA
1582891722595,-2.0058455,0.18601382,2.3364,DATA
1582891722611,1.4821806,-2.0415287,0.59950066,DATA
1582891722637,-3.6737528,4.1759768,-2.1385126,DATA
1582891722662,-0.33369446,0.90012324,-1.9279509,DATA
1582891722672,-0.6182463,-1.7615821,3.3426075,DATA
1582891722694,-2.7210555,2.2566173,-0.027897835,DATA
1582891722713,-1.151942,2.0719986,0.16243362,DATA
1582891722735,-0.24682641,1.0450436,-0.8554945,DATA
1582891722756,-3.7453854,4.6826925,-0.3812704,DATA
1582891722774,0.6538067,-0.8952093,-1.7519569,DATA
1582891722795,-1.571069,1.9732261,0.88307667,DATA
1582891722815,-3.3445477,-1.5736246,1.4102783,DATA
1582891722838,-1.0510051,1.2066705,5.328802,DATA
1582891722858,-0.6561575,0.51143706,-3.028307,DATA
1582891722875,-4.181464,3.0227854,2.6617718,DATA
1582891722895,2.2366471,-1.0324126,1.1124,DATA
1582891722919,-2.3147986,7.0400977,-7.048767,DATA
1582891722936,-1.1779132,-1.5222639,-0.3364153,DATA
1582891722964,0.6568835,-6.5788436,8.9401455,DATA
1582891722978,-3.7799253,1.6760646,-1.5853624,DATA
1582891723000,-1.1587608,4.827199,-2.2070932,DATA
1582891723019,3.5875874,-1.0747863,2.3700266,DATA
1582891723045,-4.0060287,-1.5870655,0.39313126,DATA
1582891723083,-0.9545405,-0.8154111,0.9277439,DATA
1582891723083,2.1663532,-0.72127414,1.6654406,DATA
1582891723097,-1.3686385,2.8758938,-4.1129007,DATA
1582891723117,-0.38748384,0.6981797,-0.27073193,DATA
1582891723137,1.2475367,0.08339298,3.2777662,DATA
1582891723161,-2.1496499,3.19167,-1.3129854,DATA
1582891723179,0.24362063,-0.9106221,-0.41031647,DATA
1582891723198,0.31665397,1.0120605,0.9227457,DATA
1582891723220,0.58943295,5.8944063,-6.232236,DATA
1582891723246,0.35012627,0.5237993,0.34918118,DATA
1582891723287,-0.40311027,-2.6856384,7.7085133,DATA
1582891723287,-1.4540434,2.7101562,0.37578392,DATA
1582891723300,-1.126586,3.2813435,-1.2491245,DATA
1582891723319,-0.052503586,-1.3521202,4.04181,DATA
1582891723339,-1.4059129,3.0358796,-2.1545525,DATA
1582891723358,0.2495215,3.5987167,-7.852376,DATA
1582891723379,1.4153032,-3.8270538,0.19064426,DATA
1582891723399,-4.257049,-8.20332,4.88795,DATA
1582891723423,-3.1158254,-2.1210723,7.2675743,DATA
1582891723445,0.7665088,4.4063444,-2.0287619,DATA
1582891723478,-1.834135,6.6195707,-5.9095993,DATA
1582891723480,-1.9318748,-1.0542986,2.3213654,DATA
1582891723501,-0.4732418,-3.3679504,7.1972036,DATA
1582891723521,-0.7931199,4.15472,-2.992713,DATA
1582891723544,-0.7362094,4.83148,-5.6305456,DATA
1582891723560,-1.0050604,-0.6182877,2.63342,DATA
1582891723581,-0.11948848,0.45613086,0.36564255,DATA
1582891723601,-0.3381784,2.7909684,-3.9249935,DATA
1582891723623,-1.2468402,-2.2185526,1.8132496,DATA
1582891723644,-2.2177656,-3.8916886,4.9356585,DATA
1582891723698,-0.87062,2.1090515,-2.2407513,DATA
1582891723698,0.8795705,4.0190263,-4.0176373,DATA
1582891723702,0.33102202,-0.9121429,-0.6040802,DATA
1582891723723,-0.6659279,0.12892509,0.024015427,DATA
1582891723743,1.5117241,4.837428,-3.2891836,DATA
1582891723773,1.0827411,-2.2339811,0.24750233,DATA
1582891723784,-3.206207,-5.725604,8.494995,DATA
1582891723804,-1.0643828,-0.48414958,1.3547869,DATA
1582891723823,1.3719506,4.4486065,-3.2735205,DATA
1582891723845,0.9518957,2.4393396,-2.926259,DATA
1582891723877,-1.8638383,-2.4390764,2.7121754,DATA
1582891723883,-0.7336314,-3.3767824,3.8153276,DATA
1582891723908,1.6796035,8.142315,-6.0650034,DATA
1582891723925,0.7480658,3.0331957,-6.5314035,DATA
1582891723946,-0.7853519,-4.6884255,6.837679,DATA
1582891723968,-1.1406783,-4.961245,2.6385193,DATA
1582891723986,-1.5395201,1.5479419,1.2161503,DATA
1582891724006,0.34624434,1.4058385,-2.8417854,DATA
1582891724025,-0.7402403,-2.670546,-0.70296955,DATA
1582891724047,-1.4765214,-2.6193323,6.266118,DATA
1582891724071,0.4696408,7.529409,-6.239479,DATA
1582891724091,0.20272833,6.4502378,-6.659358,DATA
1582891724105,-0.6625796,-3.5923295,2.114894,DATA
1582891724127,-2.958652,-7.2117124,6.4790344,DATA
1582891724148,0.7742646,0.0511235,1.2413797,DATA
1582891724170,-1.0396752,4.990912,-4.2510366,DATA
1582891724188,-0.6162971,-0.19427907,0.6370983,DATA
1582891724209,-1.1698455,-3.1073136,3.0808144,DATA
1582891724229,-1.5114675,0.9151604,-0.56787586,DATA
1582891724249,0.1543554,0.8093121,1.3230286,DATA
1582891724276,0.07854873,2.1480262,-0.18732071,DATA
1582891724288,-1.4593928,4.1075134,-1.4975328,DATA
1582891724308,0.39895183,-0.6697719,-1.6278639,DATA
1582891724331,-0.6945577,-1.7885926,5.5580254,DATA
1582891724349,-0.92212546,-2.0261755,-0.74918556,DATA
1582891724370,-1.8533336,2.856451,0.22753239,DATA
1582891724393,1.315805,3.7592044,-5.543933,DATA
1582891724413,-2.0802503,-0.4175899,3.1501532,DATA
1582891724435,1.425546,0.98739266,-2.3752747,DATA
1582891724455,-0.079526424,1.8546193,-6.603778,DATA
1582891724483,-2.3477783,-7.4682026,8.663795,DATA
1582891724490,-0.27127507,-2.4335372,7.3275366,DATA
1582891724510,1.0381259,1.2697713,-7.362563,DATA
1582891724534,-1.4281718,1.5563475,2.7412577,DATA
1582891724550,-0.012307376,1.641335,-2.7739887,DATA
1582891724574,1.3943477,2.8231668,-8.73258,DATA
1582891724590,-0.84511095,-5.6445746,8.686335,DATA
1582891724612,-0.21733144,-0.42219222,2.70722,DATA
1582891724631,0.05888453,6.8827257,-10.814171,DATA
1582891724653,0.44447523,-2.2325714,-0.5133772,DATA
1582891724678,-1.106052,-9.895219,12.469595,DATA
1582891724692,-0.8274758,-2.7070494,1.6582899,DATA
1582891724712,2.3135166,2.6096823,-8.407456,DATA
1582891724732,0.41769093,4.9878554,0.30281162,DATA
1582891724753,2.936198,1.6293502,-1.967041,DATA
1582891724774,-0.43998146,-3.7078624,-1.8754978,DATA
1582891724792,-2.5929015,-5.5538335,8.349759,DATA
1582891724817,0.98764163,-5.302708,6.1457443,DATA
1582891724838,3.070923,8.411015,-11.684255,DATA
1582891724862,1.9520594,4.560687,-7.393367,DATA
1582891724911,-0.40472656,-10.235661,11.520018,DATA
1582891724911,-0.44894087,-3.6200216,4.590744,DATA
1582891724917,2.040699,6.930219,-11.390747,DATA
1582891724936,1.8050104,4.65752,-1.8284407,DATA
1582891724955,3.9326959,-7.5737786,2.573141,DATA
1582891724976,-2.7190406,-5.886281,6.809392,DATA
1582891724994,1.7713714,0.054293156,-2.2910805,DATA
1582891725016,4.17897,8.62591,-10.173773,DATA
1582891725035,2.9086368,2.2206867,-3.866375,DATA
1582891725060,0.89959896,-4.255998,6.729866,DATA
1582891725111,0.5641196,-2.096586,-2.31386,DATA
1582891725111,-0.2939782,-1.799027,-0.22446632,DATA
1582891725121,3.0465539,-3.9553628,7.543929,DATA
1582891725136,2.6989212,4.3662977,-7.9244995,DATA
1582891725158,1.0062827,1.9916661,-2.3681889,DATA
1582891725176,3.6013396,-4.872384,0.34380436,DATA
1582891725196,-1.1202251,-3.7999358,4.888157,DATA
1582891725217,2.9969192,0.048989892,3.9217567,DATA
1582891725237,2.3757665,3.7965603,-5.0068407,DATA
1582891725257,2.252305,1.2487326,-5.4227743,DATA
1582891725290,2.3716786,-7.273987,2.3811827,DATA
1582891725298,0.97006774,-2.9392715,5.9793577,DATA
1582891725320,1.2973495,1.8172733,-3.8150463,DATA
1582891725341,2.0489607,-0.6596134,0.72606564,DATA
1582891725358,2.7855859,-2.569397,6.0181427,DATA
1582891725380,1.8888535,-0.64118445,-3.023694,DATA
1582891725400,1.202142,-2.4900944,-0.7602339,DATA
1582891725419,2.7202609,-6.347552,7.6105566,DATA
1582891725439,3.2899013,6.6085496,-7.5085373,DATA
1582891725461,2.7592986,5.233197,-4.112132,DATA
1582891725494,0.016289473,-1.9919243,6.86905,DATA
1582891725501,0.16119218,-7.099641,3.258604,DATA
1582891725519,3.9161305,-3.7107255,4.7868547,DATA
1582891725539,2.2366588,6.5146465,-1.7447672,DATA
1582891725561,2.177834,-0.9442383,-1.4895468,DATA
1582891725581,2.6589043,-3.067305,10.368068,DATA
1582891725602,-1.2443137,-0.3467021,-2.589098,DATA
1582891725621,2.8961356,2.1543717,-0.99087906,DATA
1582891725641,2.4073803,0.2872013,3.880868,DATA
1582891725664,-1.3495398,-2.112455,1.5076017,DATA
1582891725694,1.247478,-1.7621088,1.3034382,DATA
1582891725703,5.15094,-2.9308367,3.3807526,DATA
1582891725721,-0.11334562,-0.87127066,6.3724957,DATA
1582891725746,1.5438552,6.7476625,-4.110285,DATA
1582891725763,3.0687857,3.0340943,-7.726856,DATA
1582891725783,-0.9858794,-11.104851,12.856916,DATA
1582891725804,3.3127031,-8.744966,14.40742,DATA
1582891725824,-1.5992591,12.144658,-17.17971,DATA
1582891725844,5.3004293,1.0145063,-3.270421,DATA
1582891725871,-0.50527763,-1.3764447,9.830352,DATA
1582891725894,-0.34244657,-2.591281,0.4006729,DATA
1582891725903,1.694377,1.1724863,0.039876938,DATA
1582891725924,1.7068803,1.7401216,-1.7197313,DATA
1582891725944,0.7469981,-2.1160839,6.977725,DATA
1582891725963,-1.3111563,-1.2534541,-0.6336689,DATA
1582891725988,2.252256,1.3732278,-0.51491356,DATA
1582891726008,4.488157,7.2529807,-2.0298643,DATA
1582891726032,-1.9709342,4.5973063,-5.2527924,DATA
1582891726048,-0.8075249,-8.189915,4.092848,DATA
1582891726069,1.530515,-5.1566954,11.959639,DATA
1582891726087,1.1140237,1.7141795,-6.6537867,DATA
1582891726126,1.1286294,3.3878043,-0.76292706,DATA
1582891726126,3.6939385,-1.8851116,2.4151459,DATA
1582891726146,0.57539105,-2.4218698,1.974103,DATA
1582891726165,0.28591084,0.7298162,2.5846148,DATA
1582891726186,2.4801626,2.5491118,-2.0065422,DATA
1582891726206,1.8267066,0.13598752,-4.4006567,DATA
1582891726229,0.022420883,-3.2170396,0.116363525,DATA
1582891726247,0.7573228,-3.816333,3.8473291,DATA
1582891726271,1.2583683,5.5548887,-5.023304,DATA
1582891726313,3.1668987,7.690384,-10.450589,DATA
1582891726314,1.2412328,-9.184128,0.9157095,DATA
1582891726328,-2.0946746,-8.586241,20.363543,DATA
1582891726348,4.1955123,6.5677233,-15.83783,DATA
1582891726369,0.26373398,2.3899996,-6.6652346,DATA
1582891726390,3.466175,-6.8194146,13.038243,DATA
1582891726408,-0.14668846,-3.1475804,5.3817377,DATA
1582891726429,-1.6844863,-1.807528,-6.550973,DATA
1582891726450,2.573585,2.3325982,4.7752037,DATA
1582891726475,1.7054876,3.4519777,-0.5427427,DATA
1582891726532,1.6292903,3.466442,-11.436327,DATA
1582891726533,1.3170698,-2.763332,0.0574255,DATA
1582891726533,3.8429937,-8.466542,9.739743,DATA
1582891726550,-1.2125356,2.0088792,-0.25133705,DATA
1582891726575,-0.7213265,1.6073902,-8.137623,DATA
1582891726590,1.817942,-5.7612233,9.3146715,DATA
1582891726611,4.99025,-3.1923685,0.8957977,DATA
1582891726630,-0.686126,8.201492,-7.788849,DATA
1582891726650,0.89473987,0.1554079,-3.3386297,DATA
1582891726672,1.5154525,-3.876155,4.148054,DATA
1582891726696,-1.2539845,-3.2896276,-0.34832668,DATA
1582891726714,-0.7888243,-3.0339878,3.2268076,DATA
1582891726733,1.5425078,-1.0613477,2.7197962,DATA
1582891726755,2.6602302,1.4578784,-1.2033968,DATA
1582891726772,0.6155993,1.6963484,0.70228386,DATA
1582891726793,1.9197385,5.2372847,-5.1377926,DATA
1582891726814,1.2793808,1.1937988,-4.9999447,DATA
1582891726833,2.4625413,-5.839712,3.3591747,DATA
1582891726852,-2.6403255,-3.4743695,3.2785482,DATA
1582891726874,-2.5845108,-0.64707756,1.5378952,DATA
1582891726903,2.8011634,4.6521306,-4.2668304,DATA
1582891726916,2.202708,0.5286348,-1.0786009,DATA
1582891726934,0.7479558,-3.3414195,6.8935204,DATA
1582891726960,1.4558256,-1.3297687,-0.8649807,DATA
1582891726975,-0.7638936,4.670733,-2.7275171,DATA
1582891726995,1.517257,-0.24809456,-5.7232103,DATA
1582891727015,-0.7282078,-7.1936336,3.6597805,DATA
1582891727045,-1.2559674,-1.0967224,7.684718,DATA
1582891727055,3.848085,5.444995,-13.205444,DATA
1582891727078,-1.2732848,-0.36558104,3.1977272,DATA
1582891727113,-0.4127952,-7.49417,7.9937477,DATA
1582891727115,-0.11705816,-6.5996723,1.8387365,DATA
1582891727135,2.3203213,1.0387679,2.9381647,DATA
1582891727158,2.533877,11.982322,-16.076551,DATA
1582891727177,1.194226,-1.2270088,-5.585719,DATA
1582891727199,0.10487497,-13.447233,15.457334,DATA
1582891727219,-3.955422,-6.5291853,8.485384,DATA
1582891727237,1.7707617,4.6901555,-4.7231035,DATA
1582891727257,2.1014428,1.8192513,-6.633831,DATA
1582891727285,0.2404961,-2.6764054,8.24413,DATA
1582891727300,0.86300176,-1.3129427,3.8479729,DATA
1582891727317,2.045173,7.0502214,-13.403053,DATA
1582891727341,0.44790506,2.4205139,0.22621536,DATA
1582891727358,0.119852126,-8.936743,4.8038063,DATA
1582891727378,-1.6249923,-1.7290351,1.3079414,DATA
1582891727399,1.0376843,1.8213487,0.0154771805,DATA
1582891727421,0.42763114,3.0367465,3.934002,DATA
1582891727441,1.6912552,10.476457,-5.340991,DATA
1582891727467,2.722501,-2.1081192,-11.005992,DATA
1582891727483,-1.7402706,-11.62224,15.700188,DATA
1582891727510,-0.6862274,-4.5683336,6.677088,DATA
1582891727519,-2.175451,8.652883,-14.997917,DATA
1582891727539,2.0263953,4.7253284,-2.7980537,DATA
1582891727560,2.892991,-3.2391272,5.528489,DATA
1582891727579,0.68465286,-2.4261343,-6.2943296,DATA
1582891727601,-0.8167293,-3.733192,7.006919,DATA
1582891727622,0.8939713,3.451799,0.76062584,DATA
1582891727644,2.7732127,-0.315377,-14.022614,DATA
1582891727664,-2.032762,-6.7734833,5.394825,DATA
1582891727687,0.8610987,-5.760677,9.549174,DATA
1582891727718,0.22001797,1.8097993,-5.732875,DATA
1582891727723,-0.77226996,5.994762,-6.66321,DATA
1582891727741,1.9231608,-7.6861744,6.195879,DATA
1582891727762,1.6873068,-5.833781,6.190281,DATA
1582891727782,-1.2943943,-0.33847475,-3.9296255,DATA
1582891727805,1.3512489,4.7461224,-1.9544029,DATA
1582891727822,0.49692106,0.35294986,-0.5274801,DATA
1582891727842,-1.9836838,-2.8968487,2.620185,DATA
1582891727862,3.6086648,6.5473356,-9.062978,DATA
1582891727886,2.0998228,-0.458035,-7.333028,DATA
1582891727908,-3.248929,-6.5708003,15.850235,DATA
1582891727922,-3.120016,-5.0652695,4.481349,DATA
1582891727943,-0.7450941,2.8580523,-5.2003098,DATA
1582891727963,4.388058,6.5829463,-1.5628872,DATA
1582891727983,3.0527759,0.5765748,-3.26155,DATA
1582891728008,-4.271173,-2.0150814,4.1630983,DATA
1582891728024,2.0902715,-3.5669856,2.271902,DATA
1582891728049,-1.8145648,-1.4818833,2.6974182,DATA
1582891728071,-2.6287856,-0.44196486,-1.6423302,DATA
1582891728090,2.0362375,2.9375958,-1.6010857,DATA
1582891728107,3.4143143,1.9703515,-2.0143719,DATA
1582891728138,-1.6362958,0.7528093,2.3867607,DATA
1582891728148,-2.322207,-5.8143277,1.1545897,DATA
1582891728165,1.1794703,-6.8849764,4.402934,DATA
1582891728186,-0.55491865,1.3410913,-2.0432386,DATA
1582891728205,1.0758504,6.4789486,-8.452283,DATA
1582891728229,2.604187,4.9416285,-2.7282133,DATA
1582891728246,-1.0730618,-3.4525094,-0.65605736,DATA
1582891728267,-1.8649455,-6.3731804,5.5837355,DATA
1582891728291,-0.93462837,-1.8373356,-1.3819628,DATA
1582891728344,-1.3275855,-2.6180031,2.8777094,DATA
1582891728344,2.012753,1.8364629,5.0635014,DATA
1582891728348,-0.116155684,-0.12716281,-5.585552,DATA
1582891728367,-0.92807317,4.799713,2.460968,DATA
1582891728387,1.3030936,-0.70332646,-5.9198265,DATA
1582891728408,-1.6417775,-2.948429,1.8214817,DATA
1582891728427,-0.23782268,-5.213071,6.2739124,DATA
1582891728453,-1.451237,9.319375,-8.619637,DATA
1582891728469,2.4115372,1.2279139,-5.8609943,DATA
1582891728495,-3.3067012,-8.607245,15.730623,DATA
1582891728545,-1.3637055,4.350575,-3.03959,DATA
1582891728545,5.130041,4.5303187,-19.336618,DATA
1582891728549,-2.666635,-5.888029,13.603732,DATA
1582891728569,-1.1518581,-7.120576,4.6616087,DATA
1582891728590,-2.6007748,-4.2916737,-1.1352797,DATA
1582891728609,1.2347475,9.371391,-2.9962006,DATA
1582891728630,-0.310798,-1.611866,-0.45549107,DATA
1582891728649,-0.23803248,-4.9863734,2.2480564,DATA
1582891728674,0.06783934,1.6930717,1.2475014,DATA
1582891728696,0.4076478,0.5430969,-6.684701,DATA
1582891728745,-2.9776247,-3.6722016,2.1500788,DATA
1582891728748,-0.61136127,-3.972766,6.1433115,DATA
1582891728752,1.7958016,3.7010508,-2.9086962,DATA
1582891728773,-1.5638382,4.3210855,-4.1257515,DATA
1582891728794,0.01642093,0.50987935,2.180791,DATA
1582891728813,0.35871357,-7.8913627,2.5934448,DATA
1582891728832,-2.124811,-1.81903,4.424309,DATA
1582891728853,-0.65890265,0.70517576,-3.3284836,DATA
1582891728872,-0.8323105,1.4380038,1.4551601,DATA
1582891728894,-0.43598557,0.85461473,1.3529549,DATA
1582891728928,-0.14051944,0.7008195,-0.7753353,DATA
1582891728936,-0.8647324,-0.1327697,4.231267,DATA
1582891728952,1.7790365,6.579734,-9.713519,DATA
1582891728976,-0.50272906,-2.0956016,-3.4269419,DATA
1582891728996,-1.9159042,-5.771193,10.578062,DATA
1582891729017,0.44086823,2.469057,-2.6171093,DATA
1582891729035,-1.8373418,2.110635,-4.0431623,DATA
1582891729062,-0.16390353,-4.568374,7.0790806,DATA
1582891729075,-0.9836277,-4.6287885,5.97019,DATA
1582891729097,1.5511221,2.5827098,-4.9998903,DATA
1582891729131,-0.98834765,3.650153,-2.5624733,DATA
1582891729134,-0.92038786,0.028506637,-1.8966885,DATA
1582891729158,1.5851691,-2.8139958,-3.9013157,DATA
1582891729175,-2.6830318,-4.990392,7.0555763,DATA
1582891729195,-0.5579498,7.137162,-4.355118,DATA
1582891729217,2.5369647,0.26073575,-13.079567,DATA
1582891729238,-2.217743,-7.6846843,15.549126,DATA
1582891729261,-0.6938598,-0.58769417,2.9889517,DATA
1582891729278,-1.4358083,2.023932,-10.1679945,DATA
1582891729300,1.8574454,1.2753712,-1.6260252,DATA
1582891729330,-2.4550836,-7.164073,7.209283,DATA
1582891729337,-1.2937474,-4.6343727,2.310091,DATA
1582891729358,-0.62450206,4.293485,1.7108765,DATA
1582891729376,1.5376318,7.375668,-7.3224773,DATA
1582891729399,0.7855886,-4.125715,-6.6123962,DATA
1582891729419,-2.755951,-5.5840974,14.595514,DATA
1582891729438,0.7894937,0.6202481,-4.571288,DATA
1582891729461,-1.8676828,1.7402656,-5.4915314,DATA
1582891729480,-0.8709357,0.86689997,1.8402214,DATA
1582891729508,0.62640285,2.7964947,-1.5788136,DATA
1582891729540,1.1215727,-2.1316814,-2.8893986,DATA
1582891729544,-2.7300284,-2.0586276,5.3259764,DATA
1582891729559,-0.8555943,0.87050784,-1.0185461,DATA
1582891729578,0.36345196,0.1957233,-3.741644,DATA
1582891729600,-0.29696238,-0.96813464,2.7836466,DATA
1582891729619,-0.57161975,-1.9878116,3.7388496,DATA
1582891729641,-0.2065877,-0.13416314,-3.640502,DATA
1582891729660,-1.6347466,1.665715,-0.7791681,DATA
1582891729680,-0.13950735,-5.7344923,3.2705393,DATA
1582891729721,-0.35061198,-2.759225,3.749113,DATA
1582891729725,-1.4987699,6.556282,-4.3274307,DATA
1582891729741,2.294854,-0.123411894,-8.707643,DATA
1582891729761,-1.9971459,-9.301184,13.929993,DATA
1582891729780,-1.8837278,0.31717837,2.0004215,DATA
1582891729802,2.1854162,5.9586015,-11.920589,DATA
1582891729820,-0.22681507,-1.8914878,2.285756,DATA
1582891729841,-1.5562682,-3.3559136,7.1615725,DATA
1582891729861,0.9947901,4.08292,-6.7507296,DATA
1582891729884,0.4325574,1.353671,-0.29876137,DATA
1582891729904,-2.6112106,-4.913671,2.3786898,DATA
1582891729957,-2.3967392,-7.5223303,7.1416426,DATA
1582891729957,1.3180667,12.762306,1.7605114,DATA
1582891729968,3.106561,2.4381957,-21.515408,DATA
1582891729983,-3.1622434,-9.053936,13.936597,DATA
1582891730003,-1.0952332,-6.788776,18.937273,DATA
1582891730024,0.7766203,11.4533415,-25.343826,DATA
1582891730043,-0.50170237,0.12823462,-2.678259,DATA
1582891730072,0.059115157,-9.330957,17.357168,DATA
1582891730083,-4.0182557,-1.8573564,2.8995714,DATA
1582891730108,1.744168,8.276522,-9.244431,DATA
1582891730160,0.99107707,3.519209,-8.319857,DATA
1582891730161,-2.0307004,-10.477578,8.008605,DATA
1582891730170,-1.0443101,-4.5187016,10.189709,DATA
1582891730185,0.24086428,12.747127,-17.456598,DATA
1582891730206,2.3901694,-0.022689462,-11.766042,DATA
1582891730228,-2.412401,-8.303712,16.198051,DATA
1582891730246,-2.3105178,-5.489636,6.292204,DATA
1582891730266,-1.4747527,1.643553,-6.324704,DATA
1582891730285,1.9706966,9.936306,-7.980817,DATA
1582891730306,2.2997296,-5.2927074,-1.3916807,DATA
1582891730330,-1.1317599,-7.4167423,10.716596,DATA
1582891730347,-3.3392162,0.46317732,3.5057926,DATA
1582891730367,2.2877083,2.2313256,-12.583459,DATA
1582891730391,-0.6759511,-2.0502918,5.221774,DATA
1582891730408,0.28393698,-5.7249827,8.303259,DATA
1582891730428,-1.5358822,-2.386221,2.2146873,DATA
1582891730451,-0.04729528,13.561421,-8.794271,DATA
1582891730468,4.7696924,-4.203543,-12.695538,DATA
1582891730488,-3.5446956,-10.737169,20.661545,DATA
1582891730510,-0.902685,-4.693048,6.34719,DATA
1582891730544,-1.0557712,8.274624,-11.588689,DATA
1582891730548,4.284179,6.048272,-7.054838,DATA
1582891730568,-0.66678965,-5.093117,9.2100935,DATA
1582891730593,-1.412632,2.1508632,-0.006790161,DATA
1582891730609,0.8585653,6.7344093,-11.937514,DATA
1582891730629,-0.23406847,-6.2220926,-0.87851334,DATA
1582891730657,-2.3847668,-6.483508,17.987965,DATA
1582891730671,3.3183818,5.6676593,-9.002496,DATA
1582891730692,-3.631562,4.405697,-2.8263197,DATA
1582891730718,4.8702145,0.32823336,-1.2717762,DATA
1582891730754,-1.3345844,-6.7493706,0.80698967,DATA
1582891730754,-2.935683,-1.9591198,5.2621107,DATA
1582891730770,0.22426265,1.1625093,-4.6893206,DATA
1582891730791,0.12695986,-1.6014522,-3.4561186,DATA
1582891730811,0.44299722,2.2299762,4.6868324,DATA
1582891730834,1.6976424,7.592322,-16.23204,DATA
1582891730854,-1.5847907,-5.9075694,0.7715006,DATA
1582891730874,1.0809548,-10.66377,14.359537,DATA
1582891730896,-4.4242725,-2.7201996,1.9734116,DATA
1582891730916,2.8068316,6.0048947,-11.620303,DATA
1582891730958,3.148204,3.3116014,-4.839139,DATA
1582891730958,-4.4944525,-6.498761,3.8101645,DATA
1582891730973,0.36274892,-3.5696602,8.356373,DATA
1582891730992,1.8261144,2.1251426,-8.754213,DATA
1582891731013,-1.4885536,-1.5758684,-1.4894943,DATA
1582891731033,-0.6920651,-3.8776443,8.640932,DATA
1582891731053,2.5628273,2.5574317,2.8393526,DATA
1582891731080,-0.62690413,2.7548285,-8.6372795,DATA
1582891731093,-1.1561794,-2.8536377,3.1336384,DATA
1582891731119,1.3724903,-7.7401886,6.320117,DATA
1582891731144,-1.4549994,3.3250513,1.3999157,DATA
1582891731154,0.6683423,9.565273,-9.130747,DATA
1582891731174,2.1351717,-0.51035714,-4.230934,DATA
1582891731194,-0.010695338,-9.830844,11.414384,DATA
1582891731217,-0.14956892,1.3763274,4.9053736,DATA
1582891731236,-0.83075297,3.171998,-5.342991,DATA
1582891731260,0.040535152,3.7912922,-3.330947,DATA
1582891731278,0.8545226,-6.8899283,1.5154982,DATA
1582891731298,-0.59668976,-2.4651825,11.097269,DATA
1582891731317,1.056756,10.15254,-16.25961,DATA
1582891731355,-0.45505482,1.0383435,-3.9694624,DATA
1582891731356,3.1550016,-10.343689,9.882883,DATA
1582891731378,-3.9984288,3.9301877,6.438838,DATA
1582891731396,4.203977,-0.5873256,-16.932278,DATA
1582891731417,-3.1923647,-1.7920161,9.473333,DATA
1582891731436,0.86426896,-10.879607,4.1469927,DATA
1582891731461,-0.863558,1.1291625,7.676386,DATA
1582891731477,3.1872227,7.6050386,-20.487663,DATA
1582891731498,-1.4749365,-4.05771,3.5271788,DATA
1582891731525,0.9271986,-9.798356,12.336081,DATA
1582891731546,-0.28861344,6.7610493,-6.7981834,DATA
1582891731559,0.3240611,1.66481,-9.17989,DATA
1582891731578,2.7351413,-2.5962725,5.2203245,DATA
1582891731598,-1.2090967,-2.8493533,1.9926729,DATA
1582891731619,-1.3794587,-0.40768218,3.0753565,DATA
1582891731638,0.39926594,0.5310172,-1.198101,DATA
1582891731662,0.96335053,-10.905275,3.7765713,DATA
1582891731679,1.8047631,-1.6029769,12.312049,DATA
1582891731699,-2.6186194,5.9224405,-11.132412,DATA
1582891731725,1.7867346,9.057894,-11.160375,DATA
1582891731742,2.4783578,-7.1884136,3.0543137,DATA
1582891731776,-2.8982072,-8.836102,10.991332,DATA
1582891731783,-1.9275305,-2.579834,6.3089542,DATA
1582891731800,2.3299131,5.923173,-5.879874,DATA
1582891731820,0.9572962,8.096522,-6.6161127,DATA
1582891731841,2.3528924,-0.4092548,-5.668455,DATA
1582891731861,0.029651761,-11.727709,9.476993,DATA
1582891731881,-2.7888143,-4.688244,7.9264927,DATA
1582891731905,-3.1804304,-3.7909431,-1.2778234,DATA
1582891731925,4.554647,3.6571465,-2.3598213,DATA
1582891731957,3.3985639,7.4102206,-6.235488,DATA
1582891731962,-2.609622,-2.8381665,0.5758476,DATA
1582891731982,-0.58230895,-5.490559,4.829321,DATA
1582891732002,0.9555508,-8.814216,2.401434,DATA
1582891732024,-1.6677685,-1.254238,7.5820446,DATA
1582891732044,0.6187095,5.3893437,-10.542924,DATA
1582891732063,6.078135,6.0379667,-6.545699,DATA
1582891732094,-2.4515686,-2.1536727,4.120055,DATA
1582891732104,-0.47826493,-2.0029054,-5.0478077,DATA
1582891732126,1.0571096,-6.7747817,4.703972,DATA
1582891732165,-0.27712512,-4.2490144,8.897672,DATA
1582891732165,-2.0908809,-1.8884115,-5.0676155,DATA
1582891732187,3.2414403,5.381583,4.7920656,DATA
1582891732205,4.262935,9.606477,-10.064608,DATA
1582891732225,-4.2495193,-2.7094393,-10.392181,DATA
1582891732246,2.3266094,-16.793257,15.3967705,DATA
1582891732266,-2.070711,-1.3243259,11.640068,DATA
1582891732285,-2.5292017,6.643403,-22.242075,DATA
1582891732305,4.923155,1.5816671,-0.22422504,DATA
1582891732328,1.5808272,-5.835745,13.727449,DATA
1582891732360,-3.281639,2.7603898,-10.360485,DATA
1582891732365,4.3106923,-1.4265924,-4.2323446,DATA
1582891732390,0.16008079,-8.670206,6.6892433,DATA
1582891732407,-5.6120796,-7.12637,7.8841352,DATA
1582891732431,1.8120081,4.9987764,-8.496169,DATA
1582891732451,7.1973166,3.724656,-4.426673,DATA
1582891732469,-2.659169,-5.4431667,1.2192802,DATA
1582891732494,-3.9938607,-6.284091,11.358628,DATA
1582891732509,3.706071,0.10370469,0.6395626,DATA
1582891732530,1.3402466,3.0027947,-13.543985,DATA
1582891732564,-1.4810128,-2.014978,3.466339,DATA
1582891732571,3.2697906,-6.26423,6.5715656,DATA
1582891732588,-1.6844273,4.39991,0.9649286,DATA
1582891732607,-1.3322065,4.0557857,-6.241928,DATA
1582891732632,0.60698384,-6.6667747,-2.5778704,DATA
1582891732651,2.7501736,-4.017153,8.311348,DATA
1582891732672,1.3138326,8.779741,-6.9881105,DATA
1582891732693,-0.3350047,6.109873,-15.70844,DATA
1582891732711,-1.4738488,-15.080114,17.336802,DATA
1582891732735,0.24718815,-6.14073,14.371175,DATA
1582891732777,-3.0236619,0.08034527,-7.759631,DATA
1582891732777,6.5499234,11.379631,-13.41662,DATA
1582891732791,0.47361052,-2.3370287,6.201954,DATA
1582891732810,-4.1218686,-6.080148,0.7066879,DATA
1582891732830,0.977448,-5.557789,3.9141846,DATA
1582891732850,1.1063743,-4.081085,2.337698,DATA
1582891732874,-1.7385141,0.6285862,-2.7288446,DATA
1582891732894,2.0745037,1.1056165,0.14161015,DATA
1582891732916,4.266267,7.6243916,-5.3952045,DATA
1582891732936,-2.6155255,-4.2844324,-1.125597,DATA
1582891732964,-0.7309525,-10.201555,8.805694,DATA
1582891732972,1.4803005,-0.48319554,0.6870632,DATA
1582891732992,0.98341155,3.5852928,-11.575106,DATA
1582891733013,-0.6396859,0.4102428,2.4675665,DATA
1582891733034,2.0967615,-4.6665335,3.3443146,DATA
1582891733052,-0.056555867,1.9323472,3.9006176,DATA
1582891733073,1.9428856,4.6515837,-9.611842,DATA
1582891733097,1.82378,-3.0388904,-3.1874084,DATA
1582891733113,-1.1977296,-9.183722,11.067607,DATA
1582891733136,-0.803134,3.120616,2.8661375,DATA
1582891733165,1.9980342,4.8012824,-7.4630966,DATA
1582891733173,-0.3035817,-2.9804485,0.6064224,DATA
1582891733193,0.26408637,-6.734253,12.8596945,DATA
1582891733214,2.4763784,-3.7818804,-5.108534,DATA
1582891733234,-2.4066076,3.3611631,1.0062675,DATA
1582891733258,1.9095855,6.064696,-5.5983553,DATA
1582891733274,1.6249782,-2.781581,-4.797969,DATA
1582891733297,0.34076142,-7.2189755,7.9517775,DATA
1582891733319,0.35177028,0.9284085,2.98802,DATA
1582891733337,-0.04612899,4.096356,-11.581234,DATA
1582891733358,1.5633967,-1.8288326,0.18238544,DATA
1582891733392,1.2315028,-6.8451843,8.996429,DATA
1582891733397,0.33981276,1.9964833,-7.7375154,DATA
1582891733415,-2.0053155,-0.8915497,0.1839447,DATA
1582891733437,2.952781,-2.2083144,8.093898,DATA
1582891733456,0.7058208,-1.6288406,-2.584527,DATA
1582891733476,0.69379973,0.90752304,-2.3474073,DATA
1582891733500,4.6333623,-0.3610673,1.5837488,DATA
1582891733517,-2.7682247,0.006184101,0.55667686,DATA
1582891733539,-0.6636933,-5.1176414,1.4916,DATA
1582891733558,3.440042,-5.2133174,9.499891,DATA
1582891733579,0.3242935,3.3736033,-5.9982367,DATA
1582891733598,2.379374,1.5871482,-6.6791296,DATA
1582891733624,2.3376102,-2.2595506,3.1339912,DATA
1582891733638,-3.927895,-5.309751,8.941491,DATA
1582891733658,0.9806508,-1.2316601,-0.9802456,DATA
1582891733679,4.292435,5.1705103,-8.189788,DATA
1582891733698,3.6675854,-3.5677438,-0.8599348,DATA
1582891733720,-2.6527843,-4.851948,11.113763,DATA
1582891733744,-1.2460382,0.27199304,-0.51126385,DATA
1582891733796,5.948069,7.1360354,-6.9145985,DATA
1582891733796,-1.5561855,-0.58911824,-1.045804,DATA
1582891733805,-1.7154968,-12.058148,8.890697,DATA
1582891733820,2.342393,-5.9664955,9.395962,DATA
1582891733846,1.250966,9.209227,-8.948342,DATA
1582891733860,2.5943384,9.174742,-11.248311,DATA
1582891733880,-1.6387444,-7.0200667,8.031866,DATA
1582891733900,1.5533783,-12.368856,10.559158,DATA
1582891733924,1.6402558,4.834076,0.14207172,DATA
1582891733947,1.2905114,11.882514,-17.776463,DATA
1582891733991,1.3354594,1.3020203,-1.0202456,DATA
1582891733991,1.1853348,-14.282689,8.171859,DATA
1582891734001,-2.3083696,-1.0728432,6.8599243,DATA
1582891734022,0.24813724,5.982381,-6.7008095,DATA
1582891734042,2.817985,0.561443,-3.3189907,DATA
1582891734061,-0.31031728,-5.636924,8.401149,DATA
1582891734084,4.5499988,-4.6240077,2.7272987,DATA
1582891734110,2.2717078,4.6955237,-6.433115,DATA
1582891734122,-2.4259732,1.7270201,1.648571,DATA
1582891734145,2.8323426,0.91937125,-1.6841955,DATA
1582891734180,0.039631248,0.46828842,-6.012664,DATA
1582891734186,1.3459711,-8.241106,7.2155027,DATA
1582891734204,-0.04851091,4.976544,6.657259,DATA
1582891734225,1.0454253,3.3302536,-20.053713,DATA
1582891734245,0.28893304,-3.0182195,7.8464165,DATA
1582891734264,3.7431507,-5.8483696,13.802374,DATA
1582891734288,-0.69609916,3.3832138,-14.292762,DATA
1582891734305,0.8671049,-0.10979879,0.80901146,DATA
1582891734327,4.982027,-6.747858,13.288943,DATA
1582891734348,-3.7113132,-0.15969133,-2.2159204,DATA
1582891734378,1.3704387,7.5096216,-7.2076283,DATA
1582891734386,3.8236387,-3.4021149,1.2828856,DATA
1582891734405,-0.9453188,-2.762145,10.535231,DATA
1582891734430,-2.9963617,0.020739913,-8.173801,DATA
1582891734445,4.261344,1.1670539,0.6279602,DATA
1582891734468,2.223452,-0.42091608,2.024393,DATA
1582891734486,-5.1221867,1.231319,0.098176,DATA
1582891734508,5.408489,-3.5799634,2.2330112,DATA
1582891734526,1.962315,3.521506,-2.0602512,DATA
1582891734547,-3.9133797,0.9894873,-0.8937273,DATA
1582891734578,2.1964285,-3.7934878,5.5383368,DATA
1582891734586,2.5462046,2.5182362,-6.5260134,DATA
1582891734607,-0.5751239,7.4256496,-5.9032574,DATA
1582891734630,0.17390442,-6.843898,2.1586437,DATA
1582891734648,-3.9395318,-7.3828087,13.923095,DATA
1582891734673,-0.17348766,-1.3498816,-0.48737717,DATA
1582891734690,4.8606224,10.915206,-8.9062605,DATA
1582891734711,1.6888291,4.9409237,-7.6550455,DATA
1582891734732,-1.2554129,-5.765367,5.0581236,DATA
1582891734755,-0.9333863,-3.8066518,3.0424938,DATA
1582891734790,0.1574769,1.5901244,-2.3011293,DATA
1582891734793,-0.027632713,4.857072,-4.333128,DATA
1582891734810,-0.39842975,-6.3780212,-0.95446014,DATA
1582891734830,0.048500538,-8.474662,12.752266,DATA
1582891734849,0.14927709,3.2933617,4.1875153,DATA
1582891734870,1.5628389,9.820061,-15.375014,DATA
1582891734890,-0.51832044,-0.77706087,-1.3656139,DATA
1582891734915,2.1104152,-13.56978,10.395107,DATA
1582891734932,-2.7034757,-2.5254612,4.3478603,DATA
1582891734952,-1.810704,8.0254,-11.048419,DATA
1582891734993,2.079697,3.0572093,-2.931447,DATA
1582891734993,-0.1934076,-1.8615525,4.701108,DATA
1582891735012,-0.44966584,-2.439181,-4.094083,DATA
1582891735034,0.15964681,-0.7909862,3.5185328,DATA
1582891735052,-0.5802616,1.4065176,1.8343706,DATA
1582891735072,-3.1345606,1.802649,-4.031295,DATA
1582891735092,2.7801409,-5.2258067,-0.068873405,DATA
1582891735118,-1.3779947,-0.7976264,6.06985,DATA
1582891735132,-0.38333473,5.9326096,-3.1218863,DATA
1582891735154,0.051121786,3.9527974,-6.3968973,DATA
1582891735179,-2.4619436,-2.7223372,4.646508,DATA
1582891735194,1.6180342,-5.8504925,3.2216177,DATA
1582891735215,-2.9905493,1.5654484,4.6232824,DATA
1582891735234,0.23797908,7.4689245,-12.143754,DATA
1582891735256,-0.44949082,0.35982978,-2.808257,DATA
1582891735275,0.39247262,-6.297506,7.3799353,DATA
1582891735294,-1.2413911,-0.42330897,-1.1321754,DATA
1582891735315,-1.0565504,1.1235092,-3.96206,DATA
1582891735334,0.24970187,-0.3641454,3.6694012,DATA
1582891735356,-0.72036844,-6.0715656,1.6096354,DATA
1582891735378,-2.2589498,2.366868,-0.580945,DATA
1582891735396,3.4508533,7.704444,-11.4802,DATA
1582891735414,0.16118398,-1.4321332,1.2536764,DATA
1582891735435,-3.381784,-8.222891,8.459888,DATA
1582891735456,-3.5663428,-2.586914,2.6212654,DATA
1582891735475,2.113008,-0.14441538,-3.6581287,DATA
1582891735495,1.7412355,6.79594,-4.6950035,DATA
1582891735516,-0.49813104,-0.37869167,-5.1938276,DATA
1582891735535,-0.10571474,-3.5551877,6.4218893,DATA
1582891735559,-0.62071717,-3.642408,5.224512,DATA
1582891735576,-2.2573164,2.9929562,1.7555904,DATA
1582891735600,1.8204502,-1.5045068,-12.401825,DATA
1582891735618,-1.8251762,0.34437907,4.589531,DATA
1582891735639,3.7425928,-0.7780709,2.1094322,DATA
1582891735657,-1.4580997,8.696056,-9.370966,DATA
1582891735678,-3.1618571,-6.24969,3.4507189,DATA
1582891735698,0.82410383,-8.993022,14.443665,DATA
1582891735718,-0.5796606,0.7865969,-6.467039,DATA
1582891735739,0.49656382,11.57582,-8.765198,DATA
1582891735760,3.9498596,-4.083162,0.101849556,DATA
1582891735798,-3.5514905,-1.7944536,10.190335,DATA
1582891735799,-1.6836627,-6.100917,-2.6796227,DATA
1582891735819,-1.191633,-0.055693865,3.5014286,DATA
1582891735840,-1.1605451,0.26544785,1.046113,DATA
1582891735859,1.9042991,-1.6312357,-2.6423426,DATA
1582891735880,-1.1623147,1.882693,1.8004665,DATA
1582891735901,-0.33708966,1.5966822,-1.9143667,DATA
1582891735921,-0.44995034,-3.6228952,3.6443176,DATA
1582891735940,-0.6731282,-4.231292,2.9028702,DATA
1582891735962,0.108830005,4.940083,-5.763212,DATA
1582891735998,2.686936,-0.07809234,-3.518157,DATA
1582891736003,-2.8476276,-2.2125177,6.720972,DATA
1582891736020,-1.8142288,6.4956403,-4.4784203,DATA
1582891736042,2.5767767,5.9563966,-9.962259,DATA
1582891736064,-0.5225929,-4.2736106,3.9004803,DATA
1582891736082,-1.1267772,-4.988302,6.1266737,DATA
1582891736102,-0.6129278,-1.2017044,-1.7859182,DATA
1582891736133,-0.22572222,2.6390061,4.102866,DATA
1582891736142,2.5663617,4.5034046,-6.8697157,DATA
1582891736166,-2.9651363,-6.465481,3.4866514,DATA
1582891736196,0.9621614,-0.9157257,9.108163,DATA
1582891736203,1.3958893,6.742873,-12.815851,DATA
1582891736223,-2.3425639,-2.8425043,-0.6925392,DATA
1582891736245,-1.1702516,-6.757076,10.056219,DATA
1582891736265,-1.6700802,-1.689391,-3.6649208,DATA
1582891736287,-1.695058,2.3251534,-1.2875576,DATA
1582891736307,2.112633,6.939968,-5.1671953,DATA
1582891736326,1.6580404,-1.7943217,-2.7598896,DATA
1582891736351,-0.03976281,-6.4935594,4.6255417,DATA
1582891736368,-2.4256802,0.94407094,-1.4207449,DATA
1582891736402,1.3328345,-0.91857016,-5.346138,DATA
1582891736411,-1.037818,-0.5204706,4.21134,DATA
1582891736425,0.6091898,-4.0816426,-0.113726616,DATA
1582891736448,1.1757452,2.650225,0.5929241,DATA
1582891736464,-0.124560624,-1.075476,-3.3410473,DATA
1582891736488,-1.4518092,-2.8728175,7.2307243,DATA
1582891736504,-2.1658099,0.43696272,-3.4445372,DATA
1582891736526,-0.30032808,-2.5013783,2.5507336,DATA
1582891736549,0.13129401,2.9318895,4.1610193,DATA
1582891736573,-0.6955299,2.2532382,-7.1091995,DATA
1582891736589,-0.7188191,-1.3282498,4.2293797,DATA
1582891736633,0.79125047,-2.8431075,4.2587366,DATA
1582891736633,-2.3902729,-0.811563,-0.19680691,DATA
1582891736649,0.24810487,3.356595,-2.0462494,DATA
1582891736668,1.7282816,3.5352845,-2.887559,DATA
1582891736687,0.70658517,-0.12189841,-1.2882671,DATA
1582891736708,-2.442893,-6.485862,2.8276062,DATA
1582891736728,-2.859549,-1.4982797,12.45102,DATA
1582891736748,0.61299396,0.27605736,-8.271316,DATA
1582891736769,-1.6351199,1.8708135,0.36364937,DATA
1582891736796,-0.4896281,1.0215604,0.9063492,DATA
1582891736808,1.0166789,-0.6778507,-1.9640837,DATA
1582891736831,-2.9749036,-2.6381593,8.193213,DATA
1582891736850,-2.5925725,3.140708,-4.5352354,DATA
1582891736873,1.2994349,4.007837,-9.101977,DATA
1582891736893,-0.24813339,-3.2487736,0.71792316,DATA
1582891736925,-1.8106592,-5.220799,7.0653477,DATA
1582891736930,0.49734822,6.5961504,-3.98489,DATA
1582891736953,-1.5149078,0.95514536,-4.633724,DATA
1582891736971,-0.5114186,-1.2414594,4.7849846,DATA
1582891736997,1.0110924,-3.570326,-4.519146,DATA
1582891737011,-2.2594514,1.3658998,0.39104557,DATA
1582891737031,-1.5463488,-0.8636942,6.2296724,DATA
1582891737050,-3.0143046,-0.8103603,-0.25333023,DATA
1582891737074,0.31226844,-6.7432694,3.0965586,DATA
1582891737091,1.9777848,5.567927,-1.13058,DATA
1582891737114,0.27235746,7.5480785,-13.8247175,DATA
1582891737146,-0.6577868,-2.525259,0.62315655,DATA
1582891737154,-2.7701707,-11.587688,13.444518,DATA
1582891737180,-1.4974071,-4.241177,3.6659775,DATA
1582891737232,-0.111914694,4.9526362,-9.535631,DATA
1582891737232,1.3044014,1.8370004,-3.818859,DATA
1582891737243,0.9476794,2.4288583,3.5346022,DATA
1582891737254,-0.14009136,3.9668484,-8.123371,DATA
1582891737273,-1.8848805,-5.8994894,3.0237541,DATA
1582891737293,-1.5855973,-9.835776,10.831731,DATA
1582891737313,-2.2664163,0.5359372,-1.9448977,DATA
1582891737333,3.6927507,7.6363535,-8.876157,DATA
1582891737353,2.0813482,5.584346,-5.386531,DATA
1582891737377,-3.6750803,-6.57616,13.06318,DATA
1582891737435,-1.2894994,-6.7603865,1.3559589,DATA
1582891737435,-3.1461535,0.5828496,1.2960033,DATA
1582891737449,2.464922,0.5774567,-2.43017,DATA
1582891737455,-1.1869496,6.3877172,-4.5115566,DATA
1582891737477,1.0344865,5.6512003,-7.81793,DATA
1582891737495,0.51334465,-6.248742,5.155715,DATA
1582891737516,-3.580306,-10.555264,18.54469,DATA
1582891737535,-1.8678105,2.609466,-20.688648,DATA
1582891737558,2.3685293,0.68100405,2.86549,DATA
1582891737580,3.360784,5.0935535,-1.2539911,DATA
1582891737621,-7.393943,-2.8362188,3.4526176,DATA
1582891737621,0.9080702,-7.362034,6.490856,DATA
1582891737637,-3.3132815,0.48644698,1.2230101,DATA
1582891737658,0.31899947,12.211505,-16.221909,DATA
1582891737679,4.493225,1.3747092,-11.993955,DATA
1582891737697,-3.384544,-11.108921,17.435345,DATA
1582891737718,-0.7313431,1.2061285,13.504843,DATA
1582891737742,-4.5756598,1.6048051,-20.107918,DATA
1582891737757,0.07125646,-5.021622,4.8754396,DATA
1582891737779,3.7507677,-6.4356155,11.124437,DATA
1582891737815,-2.745456,4.892565,-8.0702,DATA
1582891737820,-1.8162961,2.9763203,1.6376867,DATA
1582891737839,-1.3074412,5.1713576,-0.097987175,DATA
1582891737859,2.5625353,-3.069788,-14.08946,DATA
1582891737879,-1.9173261,-8.2177925,7.376683,DATA
1582891737899,-1.5717618,-1.4938759,10.000469,DATA
1582891737920,0.23274845,11.852101,-14.338638,DATA
1582891737947,-1.8520695,-0.75789833,-3.793786,DATA
1582891737960,0.24894392,-7.506615,11.191273,DATA
1582891737982,0.6740003,-1.6264125,-4.18622,DATA
1582891738015,-2.4451778,-1.3374895,-0.5276947,DATA
1582891738023,-0.8166149,6.744284,1.0427465,DATA
1582891738045,-1.7044556,-6.732643,-0.7252178,DATA
1582891738060,1.8517249,-2.5647953,5.5076427,DATA
1582891738080,2.47267,-4.8900523,6.3163996,DATA
1582891738101,-2.0054035,6.1473045,-5.196845,DATA
1582891738120,-3.8244615,-2.0246153,2.2024775,DATA
1582891738150,-0.17435807,-0.56578374,4.1638603,DATA
1582891738162,1.8220696,7.818076,-13.242914,DATA
1582891738184,1.720762,1.5268803,-6.476555,DATA
1582891738212,-3.305575,-5.3861494,11.906143,DATA
1582891738222,-4.0749917,-5.321111,1.602932,DATA
1582891738242,-0.7271316,-1.7754196,7.3615723,DATA
1582891738262,2.262483,10.045172,-8.884721,DATA
1582891738282,2.8436785,4.1069083,-9.711011,DATA
1582891738302,0.344247,-11.418579,8.100146,DATA
1582891738322,-7.0787587,-3.6653996,20.546894,DATA
1582891738347,0.13109708,4.7372584,-21.962152,DATA
1582891738366,0.5601639,2.9827843,-2.2400036,DATA
1582891738385,-1.0439712,2.4135556,7.9484167,DATA
1582891738426,-0.20405406,1.7971306,-14.146092,DATA
1582891738426,-3.2337804,-4.693987,8.330465,DATA
1582891738447,-0.9257937,0.39417362,10.808903,DATA
1582891738465,-0.5544752,-0.78831565,-14.881742,DATA
1582891738485,-3.1703033,-7.650913,5.191476,DATA
1582891738504,-1.0022309,-1.2139695,13.423004,DATA
1582891738525,2.967666,5.036552,-11.266455,DATA
1582891738545,-3.3352273,8.4626045,-8.866563,DATA
1582891738568,0.72134423,-2.4226742,-2.6826181,DATA
1582891738587,0.659452,-9.42966,6.0294333,DATA
1582891738634,-5.8978453,-4.921667,10.577691,DATA
1582891738635,-0.064991534,-0.72009814,-1.8427658,DATA
1582891738646,2.3594117,3.2141252,-3.8927927,DATA
1582891738667,-3.139652,4.126427,-3.8305578,DATA
1582891738688,3.948631,0.92862606,0.75754833,DATA
1582891738707,-2.9615006,-6.472969,6.5285044,DATA
1582891738728,-4.513035,0.2588606,-0.61003685,DATA
1582891738747,2.3752446,-0.7868818,-4.1294594,DATA
1582891738772,-1.697007,-2.3748338,2.6639585,DATA
1582891738792,-1.2398406,-0.80339324,10.218878,DATA
1582891738851,1.344752,7.0460043,-5.9398575,DATA
1582891738852,-0.26756948,4.364587,-8.423304,DATA
1582891738852,0.08251947,-3.7137609,6.0913363,DATA
1582891738869,-2.708835,-7.711488,8.371084,DATA
1582891738889,-1.0934753,3.1713061,-5.5372133,DATA
1582891738908,0.14405578,13.090724,-10.378478,DATA
1582891738929,2.4462118,-7.703724,3.2143106,DATA
1582891738948,-4.0293417,-8.962086,14.657589,DATA
1582891738969,-4.0649834,0.47226906,-1.0535336,DATA
1582891738991,4.200896,11.448872,-10.163524,DATA
1582891739014,2.497476,7.5867085,-12.453598,DATA
1582891739029,-2.725418,-11.472958,0.73809814,DATA
1582891739052,-2.5542397,-10.588174,18.893438,DATA
1582891739074,-0.44368213,7.665146,-4.004237,DATA
1582891739091,0.47585064,5.5008154,-14.250065,DATA
1582891739112,0.9251512,-6.2972617,-0.30066395,DATA
1582891739135,-2.5414107,-7.1197453,19.125462,DATA
1582891739155,2.0519779,7.26197,-12.247325,DATA
1582891739171,-1.5064497,8.080835,-12.853496,DATA
1582891739195,-0.022678018,-9.673246,1.9647484,DATA
1582891739233,-2.8066287,-13.4654045,16.126028,DATA
1582891739233,-2.1099312,-1.5549784,-1.5626078,DATA
1582891739251,2.9063053,16.19996,-11.0457735,DATA
1582891739274,1.2041445,-2.244291,-2.8491879,DATA
1582891739292,-4.72413,-8.860419,8.2401085,DATA
1582891739315,-1.09084,-9.997168,11.100357,DATA
1582891739334,2.206201,11.950603,-10.064498,DATA
1582891739354,1.1827894,5.3349457,-13.494394,DATA
1582891739375,-3.2799826,-8.25959,7.852787,DATA
1582891739395,-2.6108558,-11.177975,18.31151,DATA
1582891739431,-0.013471305,0.6033436,-0.5077877,DATA
1582891739435,0.849023,12.163413,-15.0507765,DATA
1582891739454,0.27552822,1.8304389,2.2427301,DATA
1582891739474,3.0123067,-5.3803864,0.9884777,DATA
1582891739498,-5.336349,-3.6454606,7.0993433,DATA
1582891739515,0.5289293,0.33628154,3.6033154,DATA
1582891739535,-1.3349855,11.565602,-15.188739,DATA
1582891739559,2.6753595,-5.2216043,0.5499277,DATA
1582891739578,-0.2859635,-2.123005,14.874962,DATA
1582891739597,-5.204411,-1.3368864,-4.3200054,DATA
1582891739652,-0.48229754,7.385042,-3.662056,DATA
1582891739652,3.7136066,0.42316604,-2.4362202,DATA
1582891739656,-1.2801154,-6.212562,3.9084187,DATA
1582891739676,-2.7944837,0.020040154,4.646801,DATA
1582891739696,3.040444,15.555395,-17.019842,DATA
1582891739716,2.210844,-1.8896186,-10.9748535,DATA
1582891739737,-4.9977493,-13.895976,16.411388,DATA
1582891739757,-3.0832283,-5.8752174,12.272765,DATA
1582891739779,2.111457,7.355272,-16.903076,DATA
1582891739802,0.62051743,3.04957,-3.31433,DATA
1582891739846,-0.5973394,-0.17627394,5.652357,DATA
1582891739846,2.1175249,-7.117016,-7.1366863,DATA
1582891739858,-3.237694,-0.08051282,12.814579,DATA
1582891739877,0.73477054,-1.9155055,-5.945198,DATA
1582891739898,-2.1580083,-3.782289,-4.052726,DATA
1582891739918,0.28212464,-8.427821,11.302441,DATA
1582891739938,1.4203047,11.027275,-5.2537584,DATA
1582891739959,2.2941556,1.0051473,-12.745489,DATA
1582891739978,-2.1067848,-4.6042876,8.893522,DATA
1582891740005,-3.752405,-10.437752,14.913659,DATA
1582891740036,1.1429522,-4.000682,-4.387659,DATA
1582891740040,-0.06275413,8.493492,-5.681034,DATA
1582891740065,5.9606514,7.973701,-3.224451,DATA
1582891740080,0.3066215,-0.8206912,-2.709694,DATA
1582891740100,-5.1685996,-4.0293894,4.1411266,DATA
1582891740120,3.1218348,-1.1437988,8.488381,DATA
1582891740141,-1.9544514,-3.5394971,-3.8872118,DATA
1582891740171,-2.541048,8.730792,-4.237218,DATA
1582891740181,7.7918735,1.3538876,-1.2893419,DATA
1582891740202,-1.9019197,-0.84055173,2.1361856,DATA
1582891740233,-2.4883974,-0.5771618,6.118433,DATA
1582891740245,1.496383,-1.6170123,0.60684013,DATA
1582891740262,-2.3814435,1.7305622,-5.843813,DATA
1582891740284,1.4488602,-0.7570567,2.5522728,DATA
1582891740303,2.1873283,-1.1793686,4.074978,DATA
1582891740323,-1.9251405,2.3323169,-7.094204,DATA
1582891740346,-1.0208591,0.4279889,5.152294,DATA
1582891740363,2.8071785,-3.474034,-9.382178,DATA
1582891740383,-3.924408,-2.1978188,5.1240616,DATA
1582891740406,4.3232527,2.7455368,-3.6601562,DATA
1582891740434,-0.17458725,0.32789135,-5.3271437,DATA
1582891740444,-1.2211843,-3.695848,7.856125,DATA
1582891740466,-1.784267,-5.893257,3.6320295,DATA
1582891740485,2.038951,2.9040217,-1.3614492,DATA
1582891740507,3.8117006,4.783861,-11.041694,DATA
1582891740527,-1.879931,-3.1827102,3.3767385,DATA
1582891740546,-0.8623167,-6.719626,11.227768,DATA
1582891740568,-1.9002478,-1.4013664,-5.6544313,DATA
1582891740589,2.6479702,5.103386,3.7384758,DATA
1582891740610,2.0394728,7.562473,-15.222952,DATA
1582891740635,0.19267595,-4.167992,-0.4940338,DATA
1582891740645,-0.21994519,-5.6486244,18.373,DATA
1582891740666,-1.6717627,1.032033,-8.353724,DATA
1582891740686,-1.1416783,5.5855136,-6.2072296,DATA
1582891740706,4.0063825,-3.5418234,1.237155,DATA
1582891740726,0.22852755,-4.85884,5.262021,DATA
1582891740746,-2.2128584,8.287624,1.6284275,DATA
1582891740767,2.8127081,-1.1901095,-11.395516,DATA
1582891740786,-2.443679,-5.2232857,11.910867,DATA
1582891740809,-1.0444391,-6.042509,2.6266642,DATA
1582891740828,4.7061586,6.354065,-10.875945,DATA
1582891740848,-0.118125916,4.105475,0.64624023,DATA
1582891740872,-2.8240616,-4.725899,10.785824,DATA
1582891740887,0.38518506,0.18374228,-6.469103,DATA
1582891740907,3.6179416,-0.73658216,-9.553477,DATA
1582891740927,-1.0202936,-1.9834895,12.919989,DATA
1582891740948,-0.3916604,-2.4384623,-2.1796198,DATA
1582891740968,-4.1953583,4.090204,-1.8452473,DATA
1582891740991,7.847514,-2.394825,1.1760426,DATA
1582891741011,-0.23811942,-2.4532366,0.9719124,DATA
1582891741038,-5.7252007,2.1562777,-7.2307587,DATA
1582891741049,7.648022,-2.9463234,6.1817007,DATA
1582891741070,-1.6947815,4.295162,1.6274376,DATA
1582891741089,-4.5567756,-0.72198606,-7.7055607,DATA
1582891741109,2.896665,-8.308257,9.629423,DATA
1582891741131,2.6327684,1.912479,2.4283075,DATA
1582891741150,-3.9380546,2.1136684,-2.0702953,DATA
1582891741185,0.7712799,1.9515898,3.3797932,DATA
1582891741190,1.1108327,-0.13184464,1.1585045,DATA
1582891741217,5.3049507,9.958269,-15.29985,DATA
1582891741261,-3.161207,-3.8613663,-2.9588585,DATA
1582891741261,-1.7840586,-8.06129,15.751586,DATA
1582891741273,-2.1648414,-0.42064238,2.2635622,DATA
1582891741292,-0.70451534,4.548252,-6.1804485,DATA
1582891741312,3.8706784,3.2638917,-1.7485962,DATA
1582891741332,-2.024715,-7.4622793,1.6829185,DATA
1582891741352,-0.28770125,-3.6450882,10.18732,DATA
1582891741373,0.091661006,2.2790167,-2.5953388,DATA
1582891741392,-1.2233336,2.9970064,-3.5496216,DATA
1582891741416,1.1572582,-4.123447,-2.0926542,DATA
1582891741457,-2.2101326,1.7763872,4.4538965,DATA
1582891741457,3.9542327,2.7826014,-5.9502563,DATA
1582891741474,-3.981606,-2.7130198,-0.068502426,DATA
1582891741494,-2.271871,-7.253985,12.279583,DATA
1582891741515,2.888834,1.2124829,-7.9349833,DATA
1582891741536,2.0745459,7.5898952,-13.242609,DATA
1582891741568,-2.6405973,-2.6800675,7.0543795,DATA
1582891741575,-2.7975514,-5.584518,7.536744,DATA
1582891741594,-1.0472442,-4.1895056,1.9030209,DATA
1582891741615,0.6334078,10.548949,-7.283513,DATA
1582891741649,5.196941,-0.39985514,-9.080836,DATA
1582891741656,-0.90512514,-6.526878,7.8884783,DATA
1582891741675,-6.117113,-5.925646,13.629053,DATA
1582891741696,-0.98848516,8.024674,-4.461026,DATA
1582891741716,3.1349967,4.407235,-20.141207,DATA
1582891741737,1.2065505,-10.438957,6.632969,DATA
1582891741758,-1.3708149,-10.042674,20.157394,DATA
1582891741777,-2.38893,6.3510814,-12.110471,DATA
1582891741796,2.8497086,8.826347,-9.628974,DATA
1582891741816,1.3071259,-6.8882227,4.2484846,DATA
1582891741839,-5.467152,-8.795873,6.419306,DATA
1582891741859,3.221891,0.6559907,-3.4120083,DATA
1582891741878,2.5694256,8.4055395,-9.971899,DATA
1582891741899,-4.174511,-1.6809665,2.0128727,DATA
1582891741918,-0.17564869,-7.3535137,4.4137497,DATA
1582891741939,1.0038363,-6.4340878,0.6184044,DATA
1582891741960,0.53530204,2.1167903,4.1867886,DATA
1582891741980,-0.28800908,0.92998445,-1.4085608,DATA
1582891741998,-0.81364495,-2.6954167,-2.3458261,DATA
1582891742020,0.6076062,-1.1523858,1.2531071,DATA
1582891742048,2.7063859,2.578543,-4.5253086,DATA
1582891742058,-4.049866,2.0981977,-1.0799665,DATA
1582891742081,-0.36499316,-6.8389254,0.68734074,DATA
1582891742100,-0.15083198,-3.509179,7.658512,DATA
1582891742122,0.5472334,3.7823272,-5.1535845,DATA
1582891742143,-0.5462157,2.4591527,-7.5888033,DATA
1582891742163,-0.018621972,-1.0494007,3.1865082,DATA
1582891742189,1.7855885,-4.70853,-0.11459446,DATA
1582891742201,-2.3010972,-0.72453386,6.6722975,DATA
1582891742226,-1.1833857,0.46398473,-5.4260473,DATA
1582891742253,-0.9374305,-6.0406055,-0.34315205,DATA
1582891742261,0.03603145,-4.2367525,8.583674,DATA
1582891742280,2.808682,6.4005184,-6.5990267,DATA
1582891742301,-1.2624562,9.04406,-12.351975,DATA
1582891742321,-1.7995666,-9.294461,4.378516,DATA
1582891742344,-3.2202165,-13.83446,16.82623,DATA
1582891742364,-0.8991882,-10.399304,6.5567284,DATA
1582891742382,0.468311,2.057373,3.2081366,DATA
1582891742404,1.6672232,4.7395563,-21.909798,DATA
1582891742429,0.23151237,23.20951,-10.960993,DATA
1582891742443,7.087023,-8.1072645,-9.914998,DATA
1582891742480,-7.9646215,-12.856057,14.322498,DATA
1582891742484,-4.1873207,-14.8127365,17.563103,DATA
1582891742503,-0.91200507,1.1477039,-2.2865791,DATA
1582891742525,6.6443377,7.0994015,-17.860676,DATA
1582891742543,-0.91761905,-0.66367126,2.6835089,DATA
1582891742566,-0.981243,-6.1627607,8.98909,DATA
1582891742586,-0.5231583,0.27289015,0.9336729,DATA
1582891742606,0.3570114,14.872067,0.23652077,DATA
1582891742630,2.3544295,3.0845575,-12.059813,DATA
1582891742674,-2.0085688,-19.10222,2.4920902,DATA
1582891742674,-5.3070087,-12.276163,16.878557,DATA
1582891742688,1.9680754,9.438279,-8.572841,DATA
1582891742705,5.5370617,14.800477,-13.37968,DATA
1582891742726,-4.731512,-0.475841,3.2896795,DATA
1582891742745,-0.69308716,-11.366042,5.659915,DATA
1582891742766,1.9621168,-9.396323,0.6860447,DATA
1582891742786,-0.9992565,4.186056,2.6428165,DATA
1582891742810,-1.5060295,1.2184639,-6.735381,DATA
1582891742827,-0.4806387,-1.2544358,0.9638443,DATA
1582891742876,1.1684362,-3.4942882,6.40055,DATA
1582891742877,1.4707466,1.8535538,-3.1583738,DATA
1582891742887,-0.9981941,3.8671312,0.010741234,DATA
1582891742907,-0.93600714,-1.727557,6.26287,DATA
1582891742927,-0.41815907,-0.17282218,-5.874442,DATA
1582891742948,1.247481,4.286068,-1.664113,DATA
1582891742968,1.5923572,1.4671669,0.5729618,DATA
1582891742988,-3.0977116,-0.28020644,-2.3374186,DATA
1582891743008,-1.8517404,-1.8301476,2.4193764,DATA
1582891743033,2.9733682,-0.5497412,1.96733,DATA
1582891743070,-2.633401,5.2373557,-4.522397,DATA
1582891743074,1.4650515,-4.010004,-1.5623636,DATA
1582891743090,0.70512235,-5.6574926,13.043079,DATA
1582891743110,-3.06409,1.7516202,2.0003405,DATA
1582891743131,3.5184245,11.606928,-17.369665,DATA
1582891743149,0.4062376,4.9469385,0.18096638,DATA
1582891743169,-0.852188,-10.781762,5.6102085,DATA
1582891743195,-4.628471,-3.7640324,10.446596,DATA
1582891743210,-0.35323572,1.1714891,-1.1194725,DATA
1582891743231,1.8692334,11.533366,-7.565999,DATA
1582891743267,0.7653657,3.8314662,-5.8767023,DATA
1582891743271,-0.49029672,-6.9914293,4.8649435,DATA
1582891743291,-1.6384065,-3.7044334,2.8249607,DATA
1582891743311,-0.922867,1.1874784,-1.5010996,DATA
1582891743333,0.08405253,7.013829,1.7722034,DATA
1582891743351,0.8471656,8.456383,-15.96417,DATA
1582891743373,-0.2529234,-10.205954,-2.0953655,DATA
1582891743392,-0.87975967,-10.482047,21.452236,DATA
1582891743412,-1.1472623,1.0741795,-1.0500383,DATA
1582891743437,-1.944117,12.763556,-13.013801,DATA
1582891743484,3.0077538,3.2706494,-2.430009,DATA
1582891743484,-0.0924131,-7.827382,5.4022083,DATA
1582891743494,-3.1211662,-6.14878,6.8199253,DATA
1582891743524,-0.51640797,3.2570267,-2.3654985,DATA
1582891743534,-0.15433507,6.573553,-5.70275,DATA
1582891743553,-0.8551615,-1.5545275,4.882988,DATA
1582891743573,1.2024854,-1.094429,1.8780718,DATA
1582891743593,-1.3052182,-0.026974797,-6.7800665,DATA
1582891743616,-0.21445413,4.303118,0.58156204,DATA
1582891743640,4.4232945,5.7305193,-8.865483,DATA
1582891743681,-4.075871,-3.4341974,4.0657196,DATA
1582891743681,-1.4851946,-6.893413,9.69061,DATA
1582891743696,-2.409748,-0.122052014,-1.5056725,DATA
1582891743717,1.9505725,6.872089,-7.329751,DATA
1582891743735,1.0200422,0.328035,0.63375473,DATA
1582891743755,-1.330439,-2.8923774,4.4317884,DATA
1582891743776,-1.3597449,-0.91120815,0.3230152,DATA
1582891743795,-0.56466126,0.35534525,2.9265585,DATA
1582891743819,-0.03665462,6.089526,-6.616436,DATA
1582891743836,-0.113557905,1.9528902,-1.6695957,DATA
1582891743873,1.4144225,-2.45345,-0.31481743,DATA
1582891743880,-2.5612504,-0.37116456,0.7781029,DATA
1582891743897,0.38770714,2.6045563,1.6170502,DATA
1582891743917,0.4985414,-0.6574478,-0.6785593,DATA
1582891743943,-1.8844129,5.0544214,-6.898673,DATA
1582891743958,2.1845593,1.0417296,-7.231491,DATA
1582891743978,0.5541227,-4.0792575,8.158046,DATA
1582891743997,-3.1106353,-1.6262777,2.115305,DATA
1582891744017,-2.915985,2.628559,-1.568017,DATA
1582891744040,3.413877,0.49601263,0.5838175,DATA
1582891744065,-1.188788,-3.1669185,3.8892908,DATA
1582891744078,-0.054043412,-3.8304646,-0.048059464,DATA
1582891744099,-1.4309602,-2.204201,5.8937674,DATA
1582891744120,-0.788972,6.2851944,-2.8382711,DATA
1582891744139,1.9822671,8.139242,-7.8638325,DATA
1582891744160,-0.49969265,-1.0134399,-0.7191429,DATA
1582891744180,0.1936227,-8.737381,-0.56878567,DATA
1582891744208,-2.3187363,-4.9563737,9.737056,DATA
1582891744219,0.53883576,10.818464,-7.4231663,DATA
1582891744241,2.3141913,8.636482,-16.485611,DATA
1582891744263,-0.95455194,-6.1826286,7.2415247,DATA
1582891744285,-0.4525329,-9.677809,16.008907,DATA
1582891744300,-1.7016796,3.6140523,-4.340431,DATA
1582891744320,-0.95398927,2.622984,-4.0144825,DATA
1582891744344,1.163289,-0.13366932,4.07065,DATA
1582891744363,-0.47901097,0.7660272,3.2947063,DATA
1582891744382,2.085547,7.414383,-13.331448,DATA
1582891744404,-3.1773345,-0.9502235,5.3970156,DATA
1582891744423,0.943945,0.92145014,9.306354,DATA
1582891744445,-0.3914939,0.4436102,-11.7467985,DATA
1582891744481,-1.9954743,-2.1095521,0.6824112,DATA
1582891744484,0.10627465,-5.0218573,13.106281,DATA
1582891744502,1.6349498,6.811633,-9.459887,DATA
1582891744525,-2.0276563,3.18745,-1.841651,DATA
1582891744542,-1.1920817,-2.4974506,7.0805883,DATA
1582891744564,3.0649977,-0.37061536,-7.3450203,DATA
1582891744590,-0.8046058,-2.9980927,-0.12167263,DATA
1582891744605,-2.5580878,-0.19479561,6.119361,DATA
1582891744626,1.7802948,3.9535844,-8.390359,DATA
1582891744649,-0.44723326,3.0546808,-1.2981405,DATA
1582891744685,0.7386167,-2.9658709,0.1744194,DATA
1582891744685,0.06925529,-2.061559,2.5905304,DATA
1582891744704,-0.4279582,1.1907091,1.962183,DATA
1582891744725,-0.6817992,-1.422137,-0.51537037,DATA
1582891744745,0.44801652,0.5133332,7.647422,DATA
1582891744768,0.7013873,5.8681774,-8.980121,DATA
1582891744787,0.82027817,-1.3482553,-3.6793728,DATA
1582891744806,0.09320481,-3.8999896,14.180213,DATA
1582891744830,-2.1463363,3.0525484,-6.767151,DATA
1582891744853,0.7774294,4.6404862,-5.3082476,DATA
1582891744897,1.4737507,-1.5727373,2.7346764,DATA
1582891744897,-1.8893833,-2.824532,1.2936878,DATA
1582891744909,0.09362714,1.4540709,-0.05617714,DATA
1582891744926,2.8274648,9.765743,-7.3538465,DATA
1582891744946,0.6384719,0.2853881,-2.3024473,DATA
1582891744966,-2.086561,-7.9027348,4.8108673,DATA
1582891744989,-2.7318015,-5.696136,6.0454416,DATA
1582891745010,1.1832137,0.29644942,4.297868,DATA
1582891745028,0.72308767,11.244583,-9.732357,DATA
1582891745053,0.20473048,1.4019288,-5.234523,DATA
1582891745096,0.3753535,-8.542741,10.726569,DATA
1582891745096,-1.6299403,-3.0613284,3.7470236,DATA
1582891745108,-1.009667,7.682233,-8.376374,DATA
1582891745129,2.116418,0.5258877,-1.4193306,DATA
1582891745148,0.11181137,-6.328736,6.396654,DATA
1582891745169,-2.359487,-1.8196452,1.0102024,DATA
1582891745188,2.1637218,6.4550457,-5.055355,DATA
1582891745223,3.1588178,6.2381983,-5.6400375,DATA
1582891745230,-3.4425678,-2.6356285,1.9151316,DATA
1582891745254,-0.6894735,-6.2004166,2.3592358,DATA
1582891745296,-0.56448257,-1.306085,3.3649406,DATA
1582891745296,1.5924127,5.086136,-5.0622463,DATA
1582891745311,-0.9410902,3.361596,2.068431,DATA
1582891745332,2.828184,-5.6541944,1.1865559,DATA
1582891745356,-1.7981344,0.26627576,7.5445013,DATA
1582891745371,1.5723745,4.5586,-8.118259,DATA
1582891745390,1.1682794,4.282815,-3.7182703,DATA
1582891745412,0.8383427,-3.0996552,0.34387302,DATA
1582891745431,-2.9196863,-3.865885,6.8632135,DATA
1582891745456,-0.5815804,-0.14438975,1.6663494,DATA
1582891745491,0.28313962,5.943762,-5.078106,DATA
1582891745492,0.8229892,-0.9828831,-0.7064371,DATA
1582891745514,2.2518597,-0.40757012,3.4931746,DATA
1582891745533,-0.17616025,-1.7391971,-3.3960037,DATA
1582891745552,-0.17172918,1.428931,6.023654,DATA
1582891745574,1.2910371,3.1589785,-8.322579,DATA
1582891745593,0.052367777,-0.533731,-3.327506,DATA
1582891745615,0.6863315,-3.2182436,6.04375,DATA
1582891745634,0.64805245,0.7708546,-2.6031027,DATA
1582891745654,-2.3444881,-0.21679437,4.4297047,DATA
1582891745686,1.7459893,1.6129405,-3.6882992,DATA
1582891745695,0.54822445,0.4291079,0.93237305,DATA
1582891745714,1.9381554,-0.092528105,-1.8431511,DATA
1582891745738,-0.26039928,0.7205143,-0.26209736,DATA
1582891745755,0.023049891,2.1135402,0.7899599,DATA
1582891745779,1.1310551,0.44191277,-5.80583,DATA
1582891745796,-1.2785625,-2.957975,3.3096848,DATA
1582891745817,0.3872043,-4.8789225,8.595011,DATA
1582891745835,0.1597799,1.4981054,-2.7338047,DATA
1582891745857,1.0848658,9.968649,-6.2720976,DATA
1582891745886,1.2958642,-2.0287726,-3.4075546,DATA
1582891745896,-1.7534046,-5.1160398,6.8870573,DATA
1582891745918,1.0854557,-2.160538,1.0555296,DATA
1582891745936,2.019617,8.754833,-8.037638,DATA
1582891745956,0.1822741,-0.7124193,-3.2705965,DATA
1582891745979,-1.9942904,-8.007884,11.957188,DATA
1582891745998,1.2314312,0.37485385,1.5266895,DATA
1582891746019,3.4260607,11.544872,-14.71972,DATA
1582891746037,-0.42884362,-0.48327756,-2.9868784,DATA
1582891746060,-2.2256746,-12.63386,13.015502,DATA
1582891746077,-0.7052834,-3.7681034,7.2408457,DATA
1582891746099,1.8291128,3.3712707,-6.420908,DATA
1582891746117,1.9394366,6.441473,-2.2996988,DATA
1582891746140,-0.18030655,-1.8717682,-1.656353,DATA
1582891746159,1.1715047,-6.3095293,6.006856,DATA
1582891746180,-0.37128425,1.4825952,7.846609,DATA
1582891746201,-0.45895004,5.0856605,-13.72447,DATA
1582891746231,1.3206384,2.118418,-2.9381332,DATA
1582891746240,2.3371491,-6.8931026,4.2006226,DATA
1582891746261,-2.44427,-0.13289261,7.05013,DATA
1582891746306,-0.79701704,6.777678,-9.477627,DATA
1582891746309,1.5933925,-0.44825077,0.50061035,DATA
1582891746321,2.1518354,-5.9062233,9.66258,DATA
1582891746344,-0.13202852,-1.8653044,-5.5970354,DATA
1582891746360,0.56790465,4.0127106,1.3824062,DATA
1582891746380,3.0352573,5.2003593,-4.5571585,DATA
1582891746400,-3.3576713,-2.7046213,1.7847881,DATA
1582891746422,0.6025588,-4.0879602,1.1729736,DATA
1582891746441,2.093234,-0.30485785,-1.0046339,DATA
1582891746465,-0.31198275,1.4253645,0.4369774,DATA
1582891746506,-1.5466688,-0.64091253,1.5342855,DATA
1582891746506,1.3042166,-4.7945013,1.3605804,DATA
1582891746524,3.1589217,-1.2028936,3.2465086,DATA
1582891746544,-2.2013845,-1.0364729,-0.60854435,DATA
1582891746563,0.8966381,1.1171868,-5.678999,DATA
1582891746583,1.3425225,-4.8383484,5.6534166,DATA
1582891746603,-0.47946107,-1.8533201,4.0580254,DATA
1582891746625,-0.44827718,10.728088,-14.851773,DATA
1582891746644,3.8533747,1.9104865,-10.864927,DATA
1582891746665,1.5259948,-11.6097555,14.3062725,DATA
1582891746699,-6.2796717,-7.587837,12.8686285,DATA
1582891746704,-2.3071408,6.027792,-12.043106,DATA
1582891746724,8.022632,-2.291432,0.455719,DATA
1582891746747,-1.4052367,3.3843453,7.540265,DATA
1582891746765,-0.94004226,0.3851285,-10.184479,DATA
1582891746786,2.1505177,-1.2536147,3.42169,DATA
1582891746805,-1.3694884,-5.163975,7.170803,DATA
1582891746825,-3.589251,-3.7288177,2.1487188,DATA
1582891746845,0.62041736,-0.066116214,-4.0833235,DATA
1582891746867,5.1015816,3.5559812,-6.491894,DATA
1582891746901,-0.85012114,1.0493339,9.0439625,DATA
1582891746905,-3.157055,6.186054,-3.6822996,DATA
1582891746925,0.6818203,-5.553175,-9.385848,DATA
1582891746949,2.9384859,-8.505604,11.465552,DATA
1582891746967,-4.076017,-4.364334,5.4602404,DATA
1582891746987,-0.7767936,3.7274833,-7.2588873,DATA
1582891747009,2.5565467,2.4612432,-0.44273567,DATA
1582891747027,-0.060424358,4.326353,-0.19634151,DATA
1582891747047,3.0647855,-2.147705,-7.028633,DATA
1582891747068,-2.2854652,-8.287636,3.1957264,DATA
1582891747105,-3.89025,-6.4361157,14.314576,DATA
1582891747108,2.1340725,4.340931,-6.354227,DATA
1582891747127,0.1627047,6.0153275,-10.098853,DATA
1582891747147,3.1080937,-3.825195,2.51754,DATA
1582891747167,-1.8879936,-3.594965,12.169946,DATA
1582891747188,-0.6444487,1.7581719,-12.613999,DATA
1582891747210,0.06423324,5.0619,-3.229642,DATA
1582891747231,2.5450332,-4.5110235,2.5931664,DATA
1582891747252,-2.9328592,-4.0542974,2.6253567,DATA
1582891747276,-1.5545906,0.018883169,-0.44709587,DATA
1582891747326,3.19521,-0.5116775,1.4618158,DATA
1582891747326,-0.15610492,9.020342,-8.31497,DATA
1582891747330,-0.7853347,-5.3503666,-1.7589598,DATA
1582891747351,1.9151032,-7.329298,11.284208,DATA
1582891747369,-1.4286716,-2.9000654,-0.4725752,DATA
1582891747390,-0.9780263,3.9674597,-1.5689945,DATA
1582891747410,2.0821357,2.3285384,-9.675038,DATA
1582891747434,-2.090783,-6.6046643,8.262454,DATA
1582891747453,0.60940856,-3.6292052,7.653969,DATA
1582891747478,1.773612,4.9994035,-14.460923,DATA
1582891747517,-1.7788932,-3.8983378,1.908412,DATA
1582891747517,0.96835744,-3.0516639,12.637873,DATA
1582891747532,-0.95941544,-5.3805866,-6.2686605,DATA
1582891747552,-0.95763004,1.1957929,1.412446,DATA
1582891747572,0.23734254,2.3138614,2.8684711,DATA
1582891747592,1.3144144,1.3035607,-9.830399,DATA
1582891747614,0.46763176,2.541357,0.18299103,DATA
1582891747632,-0.3381043,-5.9903045,0.13192558,DATA
1582891747655,-1.6565053,-2.3341727,6.927623,DATA
1582891747677,-2.828925,-2.1689835,2.9153032,DATA
1582891747693,-1.388469,-0.84236217,-2.5552912,DATA
1582891747734,2.9541814,0.16653234,7.1123075,DATA
1582891747735,1.2865977,9.053159,-6.7841215,DATA
1582891747755,-0.093715325,0.25597596,-8.906008,DATA
1582891747776,-0.13670552,-5.750862,9.161041,DATA
1582891747793,-1.9210548,-3.433605,7.0304403,DATA
1582891747814,-4.0046983,1.0719855,-1.5427132,DATA
1582891747834,1.9427849,2.8551536,-6.6474953,DATA
1582891747855,2.778546,-0.7689171,-3.1571522,DATA
1582891747876,-2.300145,-4.612794,7.329417,DATA
1582891747903,-2.6225798,2.3883615,1.6072464,DATA
1582891747916,0.9600305,0.9529314,-1.719018,DATA
1582891747935,-1.1964784,-1.7950292,1.2577686,DATA
1582891747956,1.2814654,-1.1061056,-4.8416777,DATA
1582891747976,-0.40755782,-1.3222191,-2.039957,DATA
1582891747997,-1.6602689,2.079928,3.9087353,DATA
1582891748017,0.8359027,0.4236567,-4.2486343,DATA
1582891748037,-1.279322,-1.790272,4.7283897,DATA
1582891748056,-1.7098802,-5.0855823,2.6825247,DATA
1582891748077,-0.63302076,-1.6203574,-1.9404955,DATA
1582891748097,1.2657657,2.0742373,-0.9448042,DATA
1582891748117,0.72710305,0.25068527,-1.0624771,DATA
1582891748137,-2.687598,-0.35854107,1.7121468,DATA
1582891748157,0.92549986,1.4406745,-1.277751,DATA
1582891748177,-1.5246415,-1.4755113,-2.3603992,DATA
1582891748202,-1.5698168,-4.9147816,6.297599,DATA
1582891748220,-0.29485273,-0.9589868,3.588831,DATA
1582891748249,0.5723568,4.2980475,-8.920886,DATA
1582891748261,-0.7750883,0.5527623,0.2289877,DATA
1582891748282,0.10917124,-3.792937,6.566576,DATA
1582891748330,-2.6549463,-2.4695382,2.2721844,DATA
1582891748330,-1.1453311,1.1297259,-4.1263895,DATA
1582891748341,0.3658601,-0.21499038,2.3596172,DATA
1582891748359,-0.97831887,0.0934788,2.4334364,DATA
1582891748380,-1.6946107,3.2838523,-4.715309,DATA
1582891748399,-0.6991067,0.24979854,-3.6960135,DATA
1582891748422,1.09158,-2.9710002,1.2687368,DATA
1582891748443,-2.1882174,-2.4264264,6.307976,DATA
1582891748461,-2.5359187,1.8873644,-5.37971,DATA
1582891748488,-2.3371117,-2.5982847,1.2336206,DATA
1582891748533,0.55261797,-3.24474,7.3133535,DATA
1582891748533,-1.4546026,-0.051120937,-1.4480133,DATA
1582891748552,-1.8583109,10.14004,-7.393181,DATA
1582891748562,1.1495864,-2.0598176,-2.323164,DATA
1582891748582,-3.6575775,-8.6275,10.79103,DATA
1582891748602,-3.865864,-3.0793009,6.602337,DATA
1582891748624,0.61447096,3.6958857,-8.172935,DATA
1582891748642,-2.5314834,7.1510477,-3.8696203,DATA
1582891748666,-0.31550777,-3.434507,-1.4413891,DATA
1582891748688,-2.628439,-2.168236,2.6643333,DATA
1582891748733,-1.2984972,-3.5235267,0.275712,DATA
1582891748733,-2.6228662,0.115504265,3.8416204,DATA
1582891748743,-1.8608372,3.7993412,-4.5547495,DATA
1582891748764,0.65601027,4.499957,-7.588436,DATA
1582891748784,-0.90929615,-9.194799,5.3276653,DATA
1582891748804,-5.2654133,-8.009181,10.032944,DATA
1582891748823,-3.8775911,1.6828065,-0.20230389,DATA
1582891748844,1.7540593,6.737577,-4.3864193,DATA
1582891748864,-0.84884644,3.2017174,-1.6299744,DATA
1582891748888,-4.8878026,0.03171128,-2.6138897,DATA
1582891748925,0.01594603,-2.8332207,-0.81998825,DATA
1582891748925,-2.496331,-4.459943,8.39663,DATA
1582891748945,-4.54394,-0.81634307,2.8125648,DATA
1582891748965,-1.4795344,3.401091,-5.699378,DATA
1582891748986,-1.3339512,0.992355,-1.9906654,DATA
1582891749015,-0.66282225,-1.0917158,0.9334774,DATA
1582891749026,-2.403243,-1.5554248,-3.7101173,DATA
1582891749047,-1.9409971,0.32197228,0.3484125,DATA
1582891749066,-1.9594438,1.5720364,4.6636667,DATA
1582891749088,-2.1024396,-1.2862391,-1.294899,DATA
1582891749118,-1.5379996,-1.4884927,-2.8040018,DATA
1582891749126,-2.0554016,0.48768386,2.318756,DATA
1582891749149,-0.9619465,-6.6003566,-0.24232578,DATA
1582891749167,-4.687886,-1.2612326,6.7794085,DATA
1582891749190,-1.3563323,-0.5435928,3.4615679,DATA
1582891749209,-0.5075984,6.8963614,-2.1882315,DATA
1582891749228,0.9494016,-0.8567239,-3.296342,DATA
1582891749253,-4.05357,-3.2293057,3.6263447,DATA
1582891749267,-2.2805328,-5.116112,6.0919895,DATA
1582891749291,-1.3676345,0.28360018,0.5766239,DATA
1582891749317,-0.7337961,7.204073,-7.274749,DATA
1582891749329,-1.6349101,0.016195133,-2.2553883,DATA
1582891749350,-1.895091,-8.802095,6.13188,DATA
1582891749369,-2.9229555,-1.965824,4.975094,DATA
1582891749391,-0.96114206,5.8686028,-8.15591,DATA
1582891749411,0.83222246,1.1925231,-4.319788,DATA
1582891749430,-1.9637501,-5.0726514,7.091028,DATA
1582891749449,-1.5312195,-3.0647361,6.524225,DATA
1582891749470,-1.2231901,0.82758796,-2.96803,DATA
1582891749493,-0.43023515,2.3142848,-0.5309334,DATA
1582891749516,-1.3853316,2.1274889,0.110263824,DATA
1582891749534,1.2749062,0.8952432,-2.5498905,DATA
1582891749552,0.43133044,0.5713184,0.8428545,DATA
1582891749572,-2.1959038,-2.7535408,0.9540844,DATA
1582891749594,-2.5999594,-1.850488,4.7902184,DATA
1582891749614,-1.1857545,-2.5579429,2.021307,DATA
1582891749637,-2.1902032,2.7435193,2.629918,DATA
1582891749654,0.8022888,1.437532,-3.3695688,DATA
1582891749673,-2.665193,2.1855338,-3.3215008,DATA
1582891749695,-0.34611642,0.94508505,-3.4387932,DATA
1582891749717,-1.1869645,-1.5892158,3.423769,DATA
1582891749733,-0.46165836,-0.9174907,2.7439642,DATA
1582891749753,-4.624436,-1.6901903,-1.6319647,DATA
1582891749775,-1.3717986,-0.7781385,3.7024708,DATA
1582891749795,-0.31126237,-2.4773467,3.2602577,DATA
1582891749814,-1.5120304,-1.4122459,-1.8581762,DATA
1582891749835,-0.80148864,-0.14408635,0.38660717,DATA
1582891749857,-0.8773291,-1.201862,1.3749895,DATA
1582891749878,-0.88047814,3.2739325,1.0287552,DATA
1582891749899,0.6168678,5.726263,-5.029297,DATA
1582891749946,-1.4010255,0.097185224,-1.0226345,DATA
1582891749946,-1.6626185,-4.5343614,8.614232,DATA
1582891749955,-1.6552991,-1.7551992,2.578642,DATA
1582891749976,-2.8565898,5.9652863,-8.469238,DATA
1582891749995,-0.7933079,2.2548993,-0.4906559,DATA
1582891750020,-0.15542448,-2.871484,7.4106092,DATA
1582891750035,-3.2217379,1.387197,-3.0880566,DATA
1582891750058,-0.9517324,2.339765,-2.653163,DATA
1582891750079,0.044834375,-0.45902485,4.3297367,DATA
1582891750101,-2.5079844,-2.2300727,5.429943,DATA
1582891750141,-2.6160278,1.3038919,-4.367078,DATA
1582891750141,-2.2845907,7.7299876,-1.7541084,DATA
1582891750157,2.3325708,2.0621927,-5.335869,DATA
1582891750178,-1.5697067,-3.862133,4.9907646,DATA
1582891750197,-3.3114848,-6.4891787,7.987873,DATA
1582891750219,-2.4069965,3.276719,-0.42978954,DATA
1582891750237,-0.44603193,4.087718,-2.1725645,DATA
1582891750273,-1.0736445,2.8724957,-1.8525982,DATA
1582891750277,-2.0149329,-4.373427,-0.2957821,DATA
1582891750305,-2.0163817,-2.4655113,4.211688,DATA
1582891750346,-1.7399887,-1.4694759,3.991722,DATA
1582891750346,-1.5365493,2.6277874,-4.727399,DATA
1582891750362,-2.6625767,2.7164726,0.21021652,DATA
1582891750380,0.16940331,-2.3329055,2.618783,DATA
1582891750400,0.14334965,0.462656,1.2306423,DATA
1582891750419,-1.6057658,-0.068107665,-4.31633,DATA
1582891750440,-2.8841062,-0.025123864,-0.10420513,DATA
1582891750461,-1.4348612,-1.8474401,3.894413,DATA
1582891750480,0.01893282,0.876008,-0.17190933,DATA
1582891750503,-0.61173415,2.3084579,1.4226751,DATA
1582891750537,-2.503655,-3.0857234,0.63143826,DATA
1582891750546,-2.3058755,-2.2832062,4.117652,DATA
1582891750560,-1.0938787,0.3120994,1.576767,DATA
1582891750581,1.0962815,8.560244,-6.316966,DATA
1582891750603,-1.1932292,0.97458154,-0.34186077,DATA
1582891750622,-0.8023529,-4.1216288,3.7607965,DATA
1582891750645,-0.47197223,-0.019442022,2.450266,DATA
1582891750665,0.46427417,0.51471144,-1.2018785,DATA
1582891750683,-0.21593976,-0.9904958,3.4216337,DATA
1582891750706,-2.615969,-4.1395626,4.6054277,DATA
1582891750736,-0.35019302,-0.43788087,-1.3923712,DATA
1582891750743,-4.3096704,4.177421,0.4981346,DATA
1582891750762,-0.600626,7.6997952,-5.5687284,DATA
1582891750784,7.1973543,-0.6077954,-7.517972,DATA
1582891750802,-0.5390382,-8.262058,7.6954384,DATA
1582891750824,-3.4931345,-2.0538301,4.149085,DATA
1582891750843,-5.7554665,2.3131547,0.58708286,DATA
1582891750864,1.0664612,2.278677,-5.6710615,DATA
1582891750884,-2.7877975,-0.93481433,4.8370028,DATA
1582891750906,0.50028205,-4.4978323,1.0789585,DATA
1582891750935,-1.1577837,1.8504403,0.6067314,DATA
1582891750944,-1.2724369,-0.65833545,1.4589577,DATA
1582891750964,0.67540133,4.275791,-1.8576412,DATA
1582891750984,-0.07493019,-1.4792507,0.6825695,DATA
1582891751004,-1.3517466,-0.24429125,-0.93748283,DATA
1582891751028,-1.7505773,-0.95689327,3.470992,DATA
1582891751045,-0.35179543,-2.268067,1.7733078,DATA
1582891751067,-1.286355,4.7932296,-5.237609,DATA
1582891751087,0.36948478,-0.11854112,-1.8100052,DATA
1582891751108,1.1601467,-1.8066291,1.5015192,DATA
1582891751149,-0.49209046,-3.0520577,3.9427452,DATA
1582891751149,-1.4278468,-2.0255747,0.21065807,DATA
1582891751168,-1.656559,1.8474988,0.5923023,DATA
1582891751186,0.008643985,4.302805,-2.5849,DATA
1582891751208,2.7710009,-0.18885434,-6.6096945,DATA
1582891751226,-1.637051,-6.7605305,8.998482,DATA
1582891751248,-1.9531513,-0.7268765,4.086896,DATA
1582891751268,-0.016111374,1.66632,-4.497978,DATA
1582891751288,-0.07978511,0.6717309,1.212017,DATA
1582891751316,-0.9026331,-0.65484405,1.6711044,DATA
1582891751333,0.10158992,-3.155226,0.38037682,DATA
1582891751360,0.1702385,1.0332311,-1.4668074,DATA
1582891751368,-1.63042,5.212579,-1.8358288,DATA
1582891751389,2.9114292,-1.5730346,-6.293639,DATA
1582891751408,-1.4230876,-3.1244786,6.2431965,DATA
1582891751429,-0.760002,-5.1327076,2.2890615,DATA
1582891751448,-1.500501,2.3272533,-2.070053,DATA
1582891751473,1.5332187,-1.0824236,-0.8442974,DATA
1582891751489,-0.88481045,-3.7346675,1.8854151,DATA
1582891751513,0.07699871,-2.4581044,4.7076683,DATA
1582891751539,0.4872194,3.6246414,-3.3476505,DATA
1582891751550,1.0786717,3.6614897,-8.120151,DATA
1582891751571,0.47598535,-3.1586747,0.3605547,DATA
1582891751590,-0.1575414,-6.0950603,5.726429,DATA
1582891751610,-2.8317356,-3.9659586,4.755596,DATA
1582891751630,-1.6592542,0.7207521,-0.82837105,DATA
1582891751651,0.98291427,0.91156995,-1.8777447,DATA
1582891751673,0.021839976,-0.84520483,-1.4072561,DATA
1582891751692,-0.12084389,-1.3036208,-2.6499538,DATA
1582891751717,-0.09062117,-5.106397,-0.13430691,DATA
1582891751763,-0.547574,-2.4382882,6.4202595,DATA
1582891751763,-0.07310289,-1.728957,-1.6987534,DATA
1582891751777,-0.4487047,-0.15919757,-0.093271255,DATA
1582891751793,1.6607876,-0.6886817,0.527791,DATA
1582891751813,-0.17941147,-4.145914,0.002937317,DATA
1582891751832,-0.7643188,-3.7485065,1.5998354,DATA
1582891751853,-1.7028884,-2.922571,0.7509937,DATA
1582891751873,1.9218535,-2.6772373,-0.17813587,DATA
1582891751893,1.8478403,4.105058,-5.2877064,DATA
1582891751917,3.810205,1.9587653,-5.9348564,DATA
1582891751955,-1.172804,-8.501906,5.8529186,DATA
1582891751958,-1.0678849,-9.82173,7.583935,DATA
1582891751977,1.8362255,-4.0955005,-0.3350191,DATA
1582891751995,2.863392,2.391352,-7.2411547,DATA
1582891752019,3.1588948,-1.4232904,-2.6527119,DATA
1582891752035,1.8325369,-5.8209987,5.856557,DATA
1582891752055,0.4477367,-3.465446,1.4089489,DATA
1582891752075,2.4061265,2.5024638,-4.422289,DATA
1582891752095,4.3466296,0.5519067,-3.8527079,DATA
1582891752117,0.7283186,-4.2770057,4.2959776,DATA
1582891752152,1.9179337,-4.3097415,0.41041374,DATA
1582891752156,0.7072958,-1.8400993,-1.0995302,DATA
1582891752176,0.6070186,-0.38241863,1.182086,DATA
1582891752200,2.6756492,-3.4855485,-1.3908796,DATA
1582891752217,1.0135927,-4.9351025,2.9033728,DATA
1582891752239,-0.18354583,-3.313524,2.643753,DATA
1582891752256,1.3295937,0.4300629,-0.75174904,DATA
1582891752287,2.5588717,1.579537,-1.8218184,DATA
1582891752298,0.7580495,-1.5144588,1.864954,DATA
1582891752318,1.127192,-3.5106926,0.71657467,DATA
1582891752342,-0.12947714,-0.8231106,-1.3556376,DATA
1582891752357,3.4760282,-1.2366543,-1.8535404,DATA
1582891752381,2.1377401,-1.1525708,1.6457939,DATA
1582891752401,-0.8733406,-2.2492995,1.8551741,DATA
1582891752421,0.6846136,-2.7970538,0.36330414,DATA
1582891752442,1.8064079,-1.4206516,-1.035243,DATA
1582891752461,2.6630416,-1.702172,-0.17338753,DATA
1582891752484,0.3464651,-3.0957775,4.005129,DATA
1582891752506,-1.188761,-2.026245,0.7964525,DATA
1582891752524,1.0172365,0.3526039,-0.12924862,DATA
1582891752559,1.1439672,-2.2295465,1.7786236,DATA
1582891752561,0.539716,-2.9653838,3.1928463,DATA
1582891752581,0.81869066,-1.8209074,2.7834988,DATA
1582891752600,0.22016811,5.1220837,-5.6962633,DATA
1582891752622,2.1554267,1.4566056,-7.478936,DATA
1582891752642,1.3272641,-7.9612126,5.7970524,DATA
1582891752666,-3.0685306,-6.5902867,7.176133,DATA
1582891752684,0.17693794,-0.23708045,-0.72809505,DATA
1582891752704,4.6084175,5.626914,-8.549199,DATA
1582891752728,1.936266,-5.0214024,-2.200285,DATA
1582891752763,0.047275543,-13.097995,13.433287,DATA
1582891752763,0.46397793,-6.1837974,6.744935,DATA
1582891752782,3.8357406,13.442167,-17.260788,DATA
1582891752802,6.3061876,2.4783854,-9.1109705,DATA
1582891752823,-2.7196932,-9.704979,10.151798,DATA
1582891752842,-1.6405187,-12.642544,11.622151,DATA
1582891752885,3.6692863,12.492773,-14.096386,DATA
1582891752907,3.0304184,1.3320152,-2.0947018,DATA
1582891752926,-0.8646873,-9.603218,7.55669,DATA
1582891752957,0.45640635,-5.0571775,3.8410826,DATA
1582891752964,0.77619123,2.034118,-1.0115833,DATA
1582891752987,1.0903796,2.2156112,-5.0639715,DATA
1582891753004,0.15183723,0.026773155,2.0495634,DATA
1582891753025,0.5906215,-5.578396,4.936819,DATA
1582891753044,0.8547878,-1.7172593,-0.7693844,DATA
1582891753064,3.096273,2.6486313,-2.0598774,DATA
1582891753086,0.4539597,1.2312007,-0.8712015,DATA
1582891753105,0.38922417,-3.2049584,1.2306681,DATA
1582891753127,0.46120346,-4.182852,4.577606,DATA
1582891753146,0.6551919,-2.9604282,1.4759197,DATA
1582891753174,1.3838476,2.3719692,-2.7679338,DATA
1582891753188,2.619545,4.467178,-2.9137192,DATA
1582891753207,0.6578183,-1.1477873,1.0653706,DATA
1582891753231,-2.41495,-8.021748,1.4716139,DATA
1582891753248,0.46890962,-4.599776,3.9805756,DATA
1582891753267,4.6586366,1.2412701,-3.1069012,DATA
1582891753290,2.1174538,5.6951923,-6.091505,DATA
1582891753314,0.36799943,-2.2838519,-0.50999546,DATA
1582891753327,0.8121277,-8.924879,6.921751,DATA
1582891753350,2.5648243,-4.613142,2.005124,DATA
1582891753389,2.7481318,3.1181984,-5.5039864,DATA
1582891753389,2.2467823,1.2518497,-3.133277,DATA
1582891753408,1.0264459,-3.8011734,3.522028,DATA
1582891753428,-0.23301792,-4.8514147,4.1503725,DATA
1582891753448,2.2105284,-1.0117097,-0.32335567,DATA
1582891753471,1.5186204,3.2073946,-3.3855925,DATA
1582891753490,1.1572464,-1.1234708,-2.744897,DATA
1582891753511,1.0233272,-5.218784,5.767206,DATA
1582891753533,0.36575067,-5.087466,4.824254,DATA
1582891753554,0.4784987,0.58072364,-0.9619465,DATA
1582891753597,1.3279679,3.4719892,-3.0322628,DATA
1582891753597,2.8617136,-1.3790377,-1.2615948,DATA
1582891753611,-0.88211834,-3.4316282,2.9900188,DATA
1582891753630,1.9413911,-3.0370877,-0.41988564,DATA
1582891753650,1.0180851,-0.40790892,-2.3473206,DATA
1582891753671,1.8817171,-1.4947413,1.1643305,DATA
1582891753691,1.3420444,-3.1151426,1.2817011,DATA
1582891753711,1.750709,-1.1666534,-0.12988758,DATA
1582891753734,1.6513885,-1.2330681,-0.72107506,DATA
1582891753753,0.18317246,-1.2559896,0.59733486,DATA
1582891753785,1.766669,-1.9812878,-0.072714806,DATA
1582891753797,-0.035006642,0.80873257,0.09844971,DATA
1582891753811,1.9511602,-0.81698084,-1.9254112,DATA
1582891753834,0.35660326,-2.3226929,1.6425753,DATA
1582891753853,0.115867615,-3.0638025,1.9071264,DATA
1582891753872,0.20689261,-1.364372,-0.8771534,DATA
1582891753894,0.035758495,-0.69480014,0.3051195,DATA
1582891753913,0.33539367,-2.1011975,0.8259134,DATA
1582891753936,0.6153475,-1.0503119,0.33904648,DATA
1582891753956,0.3545922,-1.2105708,-0.0506649,DATA
1582891753997,0.10721362,-1.2945474,1.0760489,DATA
1582891753997,0.5472026,-2.4768612,-0.006873131,DATA
1582891754020,1.0413564,-1.314728,0.3753605,DATA
1582891754034,1.1179607,-1.6718748,-0.06453991,DATA
1582891754054,0.47525632,-1.2680767,1.2077103,DATA
1582891754075,0.97501075,-1.532493,-0.75489235,DATA
1582891754094,0.62162673,-2.5011818,0.4017992,DATA
1582891754118,0.84940207,-1.983296,1.2643862,DATA
1582891754138,0.38439465,-0.16226706,0.100725174,DATA
1582891754158,1.0371295,-0.22021893,-0.66292953,DATA
1582891754182,-0.025551438,-2.2067397,0.7955065,DATA
1582891754219,0.19311774,-2.2422218,1.5407715,DATA
1582891754221,0.76834285,-0.99049765,-0.60715485,DATA
1582891754237,1.0192878,-0.83764124,-0.19758129,DATA
1582891754257,1.0330942,-1.8295898,0.4840412,DATA
1582891754276,0.63911796,-1.1406748,0.66019917,DATA
1582891754298,0.3098938,-0.8702797,-0.06774616,DATA
1582891754316,1.1715565,-1.4739271,0.0074596405,DATA
1582891754340,0.9764092,-2.464951,0.037945747,DATA
1582891754361,0.86210954,-2.086038,0.49997616,DATA
1582891754381,1.3903732,-0.99446523,-0.35770416,DATA
1582891754399,1.3766584,-1.3056495,-0.45558262,DATA
1582891754419,1.3910555,-2.7317193,0.46890354,DATA
1582891754440,0.927981,-2.2397306,0.8536854,DATA
1582891754464,1.5737467,-0.6033222,-0.6623392,DATA
1582891754480,0.9090588,-0.7991356,0.19075489,DATA
1582891754499,1.0505195,-1.0988339,1.1437521,DATA
1582891754519,1.3083868,1.016654,0.23698997,DATA
1582891754539,1.7556858,3.032319,-1.7486591,DATA
1582891754560,1.2309371,1.4845306,-1.2710962,DATA
1582891754587,0.7144465,-1.0665432,0.7853422,DATA
1582891754601,0.22958803,-0.7794697,1.5769444,DATA
1582891754620,0.7932525,1.9003696,-0.87745285,DATA
1582891754641,0.38540357,2.166985,-1.2186499,DATA
1582891754661,0.16682667,0.6376676,0.48219776,DATA
1582891754682,-0.20785528,0.5209723,0.7078781,DATA
1582891754703,0.079099596,1.6475785,-0.8804045,DATA
1582891754721,0.4375707,1.5532467,-0.3032198,DATA
1582891754741,0.4727891,0.9362601,0.3542652,DATA
1582891754762,0.6960684,1.3970834,-0.12031269,DATA
1582891754785,0.83853894,1.4345083,-0.4663229,DATA
1582891754802,0.7419393,0.36025655,0.063352585,DATA
1582891754821,1.1885319,-0.15418859,0.17826462,DATA
1582891754844,1.0089872,0.5730767,-0.09494972,DATA
1582891754862,1.1346728,0.79041386,-0.8479357,DATA
1582891754882,1.2509915,-0.0668872,-0.1563034,DATA
1582891754904,1.3608744,-0.16732712,0.09391403,DATA
1582891754925,1.3408916,0.4955474,-0.48567867,DATA
1582891754947,1.553872,0.53793365,-0.25731182,DATA
1582891754967,1.502384,0.26893136,0.11997318,DATA
1582891755006,1.2375848,0.56140864,-0.19979572,DATA
1582891755006,1.5850136,1.2932261,-0.35124588,DATA
1582891755023,1.2256403,0.65842193,-0.6188078,DATA
1582891755043,0.853695,0.36736763,0.6751213,DATA
1582891755064,1.2327824,0.47537404,-0.14519787,DATA
1582891755087,1.3137556,1.2472816,-0.09669304,DATA
1582891755106,1.2855031,1.1983105,-0.8036804,DATA
1582891755127,0.94971746,0.4565575,0.46017075,DATA
1582891755150,1.1385924,0.41359696,0.062496185,DATA
1582891755171,1.5583919,1.1321865,-0.52122974,DATA
1582891755216,1.200386,0.9017876,-0.480505,DATA
1582891755217,0.9491557,0.12444863,0.35532856,DATA
1582891755225,1.3827914,0.24845065,-0.07978535,DATA
1582891755246,1.659775,0.70537496,-0.8556967,DATA
1582891755266,1.1714272,0.47861242,-0.06285095,DATA
1582891755285,1.1642249,0.08353567,0.25666237,DATA
1582891755315,1.1443055,0.37284246,-0.25151157,DATA
1582891755330,1.4424572,0.78398883,-0.70242405,DATA
1582891755352,0.9660901,0.29060918,-0.12929916,DATA
1582891755370,0.7414538,-0.08183715,0.46480274,DATA
1582891755417,0.89616567,0.5618098,-0.26558018,DATA
1582891755417,1.0026554,0.76200664,-0.81608486,DATA
1582891755429,0.8474562,0.404303,0.08418751,DATA
1582891755448,0.3841586,0.036444694,0.15123177,DATA
1582891755468,0.43262258,0.34593213,-0.1771326,DATA
1582891755489,0.57790124,0.67842376,-0.06798649,DATA
1582891755508,0.08289647,0.5434648,-0.2736721,DATA
1582891755530,0.12584242,0.41469792,0.24552155,DATA
1582891755549,0.45654148,0.5717914,-0.052248,DATA
1582891755570,0.290279,0.9381951,-0.6033287,DATA
1582891755617,0.18844315,0.56474805,-0.09199238,DATA
1582891755617,0.051633,-0.009415537,0.2119255,DATA
1582891755630,0.25796643,0.35960045,-0.17863846,DATA
1582891755650,0.5315392,0.51265156,-0.1765585,DATA
1582891755669,0.15600377,-0.15034819,-0.46265125,DATA
1582891755690,-0.33275437,-0.2630811,0.619915,DATA
1582891755710,-0.25081116,0.4465986,0.44447136,DATA
1582891755730,-0.36088693,1.3266379,-0.32073212,DATA
1582891755750,-0.42306715,1.2495961,-0.19692516,DATA
1582891755774,-0.866011,0.6781236,0.5668125,DATA
1582891755818,-0.20556045,1.1629736,0.21157265,DATA
1582891755818,0.011452138,2.0116768,0.024810791,DATA
1582891755832,0.1162017,0.8642399,-0.68348026,DATA
1582891755853,0.41668397,0.6846452,0.7646084,DATA
1582891755873,0.56809616,0.95772475,-0.08495045,DATA
1582891755894,0.6062257,1.4931471,-0.17078876,DATA
1582891755912,0.7129304,0.38117918,-0.8287029,DATA
1582891755933,-0.19701517,0.24744746,0.24663544,DATA
1582891755954,0.030595064,0.22702384,-0.10772419,DATA
1582891755974,0.36806655,0.9905356,-0.034440994,DATA
1582891756005,0.47943914,-0.32537302,-0.9218235,DATA
1582891756019,-0.23728871,-0.09952715,1.0397968,DATA
1582891756034,0.43026814,0.21137604,-0.06406593,DATA
1582891756053,0.4628643,1.184167,-0.08580685,DATA
1582891756075,0.83785117,0.09322944,-0.7203083,DATA
1582891756095,0.12759653,-0.24055248,0.14464188,DATA
1582891756116,0.6478139,0.48825568,0.4388504,DATA
1582891756136,0.29084706,1.7467849,-0.3754511,DATA
1582891756155,0.9803504,0.171617,-0.4516964,DATA
1582891756178,0.6128962,-0.5121554,1.0979137,DATA
1582891756204,0.74364626,0.9415027,-0.99848175,DATA
1582891756217,1.3303436,1.2633753,-0.6391487,DATA
1582891756235,0.8878197,-0.1601597,0.8967924,DATA
1582891756259,1.0536957,0.11938524,-0.2249937,DATA
1582891756275,1.2902207,0.5412731,-0.60011005,DATA
1582891756296,0.95550203,0.124471486,-0.65219975,DATA
1582891756323,0.9338152,-0.10855922,0.52243805,DATA
1582891756340,0.7276558,0.12275109,0.1724186,DATA
1582891756359,0.9031532,0.8245454,-0.43088531,DATA
1582891756381,0.9238289,0.13997003,-0.86488056,DATA
1582891756401,0.054249465,0.25052866,0.57092476,DATA
1582891756418,0.3417387,0.3391262,-0.07688236,DATA
1582891756438,0.55967927,1.4305685,-0.17876339,DATA
1582891756457,0.18220563,-0.12291697,-0.4332695,DATA
1582891756482,-0.25926518,0.5229212,0.87642956,DATA
1582891756499,0.49255586,0.60633487,-0.6114073,DATA
1582891756521,0.027003586,1.2314272,0.3872862,DATA
1582891756544,0.72710854,-0.13418308,-0.6396494,DATA
1582891756560,-0.154864,0.59510535,0.51395035,DATA
1582891756581,0.5368205,0.49442643,-0.5933733,DATA
1582891756634,0.5446296,1.0109068,0.26210213,DATA
1582891756634,0.9123884,-0.46445876,-0.06883049,DATA
1582891756639,0.04740715,0.4481409,0.52949524,DATA
1582891756659,1.0311177,0.6837936,-1.168498,DATA
1582891756681,0.7822422,1.0899602,0.1686325,DATA
1582891756700,1.1800783,-0.55541253,0.34548283,DATA
1582891756719,0.29355696,0.26144245,0.12720776,DATA
1582891756744,1.234268,0.58036554,-0.9899473,DATA
1582891756761,0.8691638,0.7643341,-0.029964447,DATA
1582891756786,0.80561596,-0.33023325,0.39577675,DATA
1582891756832,0.4979041,0.26516852,0.3607626,DATA
1582891756832,0.7239466,0.7610866,-1.1767569,DATA
1582891756841,0.5997833,0.81998277,0.21517467,DATA
1582891756861,0.77461135,-0.31958616,0.38499355,DATA
1582891756882,0.15993077,0.506109,0.08113098,DATA
1582891756902,0.84771484,0.9283482,-0.95012,DATA
1582891756924,0.12133506,0.48995438,0.15955067,DATA
1582891756954,0.5370731,-0.34988558,0.5820198,DATA
1582891756962,0.2805717,0.5157627,0.101231575,DATA
1582891756984,0.6881703,1.0167654,-1.1373472,DATA
1582891757022,0.41429216,0.56389666,0.15641975,DATA
1582891757027,0.4918582,-0.39732653,0.74114037,DATA
1582891757044,0.35237312,0.43754235,-0.1215992,DATA
1582891757063,0.69893146,0.8963659,-0.7326689,DATA
1582891757085,0.4136914,0.07912472,-0.35544395,DATA
1582891757104,0.1635758,-0.08192998,0.62981415,DATA
1582891757124,0.42736763,0.41657418,-0.11803055,DATA
1582891757146,0.38595575,0.9279967,-0.31486702,DATA
1582891757167,0.6068242,-0.0028313994,-0.6495962,DATA
1582891757187,-0.05357951,0.31744006,0.4232235,DATA
1582891757221,0.4880769,0.29921332,-0.17614746,DATA
1582891757225,0.56915545,0.9071921,0.30353832,DATA
1582891757246,0.50051165,-0.17973724,-0.68190956,DATA
1582891757265,-0.018295527,0.49184197,0.6673813,DATA
1582891757285,0.6041772,0.38315266,-0.40475368,DATA
1582891757305,0.30155864,0.83140486,0.36924934,DATA
1582891757327,0.9097997,-0.3803699,-0.5739126,DATA
1582891757346,-0.37224346,0.65269923,0.39667034,DATA
1582891757365,0.5740715,0.4577422,-0.52870846,DATA
1582891757387,0.39782286,0.89263433,0.18864536,DATA
1582891757417,0.31028795,-0.50213563,0.19674873,DATA
1582891757430,-0.027426496,0.24692065,0.19652939,DATA
1582891757448,0.47819048,0.54872406,-0.78711796,DATA
1582891757468,0.3262095,0.73699236,0.20109558,DATA
1582891757488,0.4564675,-0.19145751,0.4478655,DATA
1582891757509,-0.15048873,0.40778685,-0.10822964,DATA
1582891757528,0.5393168,0.7776079,-0.60500336,DATA
1582891757548,0.17023888,0.22571015,-0.6000252,DATA
1582891757569,-0.105949104,0.13151705,0.58830357,DATA
1582891757592,0.28915852,0.5230794,-0.06751251,DATA
1582891757619,0.32514453,0.8757551,-0.0059394836,DATA
1582891757628,0.82070136,-0.24700588,-0.7832117,DATA
1582891757650,-0.22550146,0.3386963,0.4974594,DATA
1582891757668,0.4995677,0.03320527,-0.009729385,DATA
1582891757690,0.5078885,0.8429402,0.27616692,DATA
1582891757712,0.5228794,-0.34015328,-0.45213032,DATA
1582891757732,0.021931425,0.6773327,0.31261063,DATA
1582891757752,0.47668198,0.4504444,-0.51481533,DATA
1582891757771,0.3751318,0.8808847,0.18317413,DATA
1582891757793,0.6591507,-0.40690994,0.2788782,DATA
1582891757821,-0.095963866,0.26785022,0.108836174,DATA
1582891757830,0.6186314,0.87844044,-0.7150135,DATA
1582891757851,0.5176704,0.229563,-0.6903639,DATA
1582891757871,0.25348425,-0.32871127,1.0056391,DATA
1582891757893,0.28424954,0.067717135,0.09634304,DATA
1582891757913,0.36204907,1.0861676,-0.33451843,DATA
1582891757935,0.9720386,-0.1427784,-1.3052187,DATA
1582891757955,-0.22914469,0.05501324,0.85429764,DATA
1582891757975,0.43362027,-0.09054828,0.067201614,DATA
1582891757997,0.38737792,1.2061324,-0.049383163,DATA
1582891758031,0.31654957,-0.37758154,-0.36670113,DATA
1582891758035,-0.19099185,0.40126228,0.6856289,DATA
1582891758052,0.31865945,0.41167575,-0.67203236,DATA
1582891758073,0.14994109,1.1187558,0.19365406,DATA
1582891758095,0.40169865,-0.44643462,0.42742443,DATA
1582891758113,-0.3202909,0.21504784,0.07076645,DATA
1582891758136,0.36076668,0.7063411,-0.6671066,DATA
1582891758155,0.30883244,0.3289588,-0.59967136,DATA
1582891758175,0.06660646,-0.16661131,0.9695473,DATA
1582891758199,0.05715683,0.14818275,0.07468796,DATA
1582891758216,0.39049754,1.180212,-0.3347168,DATA
1582891758256,0.87258995,-0.31320667,-1.0769978,DATA
1582891758264,-0.40541327,0.27131766,0.8027525,DATA
1582891758278,0.35519058,0.0530349,0.015821457,DATA
1582891758295,0.4316731,1.1473525,-0.14119625,DATA
1582891758315,0.28420198,-0.48855054,0.13704014,DATA
1582891758337,-0.049192786,0.1273669,0.23413277,DATA
1582891758355,0.46443924,0.5372414,-0.5855198,DATA
1582891758376,0.42892778,0.8019114,-0.32757664,DATA
1582891758397,0.17575794,0.041286886,0.2659769,DATA
1582891758419,0.07766077,-0.0296911,0.040203094,DATA
1582891758437,0.57417345,0.46001053,0.237504,DATA
1582891758463,0.34570858,-0.32470292,-0.6968012,DATA
1582891758478,-0.05479735,0.5610278,0.44330883,DATA
