,ori,,,
1582891719628,44.49991,-6.164073,0.67088014,DATA
1582891719644,46.65103,-5.584253,-0.046803236,DATA
1582891719665,45.27014,-6.413184,0.28428644,DATA
1582891719685,43.43158,-7.7299376,0.44394132,DATA
1582891719704,45.109375,-6.4370675,0.15077446,DATA
1582891719725,46.042877,-5.8342376,0.053648796,DATA
1582891719744,45.484283,-6.356282,0.1430687,DATA
1582891719766,44.395325,-7.1349626,0.22592169,DATA
1582891719785,45.32489,-6.263951,0.09202254,DATA
1582891719817,45.994995,-5.8342104,0.005887623,DATA
1582891719824,45.406525,-6.3863344,0.118888274,DATA
1582891719871,44.595276,-6.995733,0.15786529,DATA
1582891719871,45.283813,-6.2569776,0.06780843,DATA
1582891719888,45.89804,-5.877273,-0.019406704,DATA
1582891719907,45.474335,-6.3822436,0.029428087,DATA
1582891719927,44.82373,-6.916458,0.037640963,DATA
1582891719947,45.429688,-6.234098,-0.08524399,DATA
1582891719970,46.00467,-5.8789306,-0.19812305,DATA
1582891719987,45.613983,-6.3910937,-0.13854967,DATA
1582891720013,45.064056,-6.8856983,-0.15077683,DATA
1582891720047,45.47751,-6.325919,-0.23231459,DATA
1582891720049,45.89557,-6.0157285,-0.2874307,DATA
1582891720068,45.692505,-6.3854365,-0.2441147,DATA
1582891720090,45.247528,-6.768237,-0.23114043,DATA
1582891720109,45.532013,-6.3508525,-0.2522239,DATA
1582891720130,45.833923,-6.0961227,-0.30298582,DATA
1582891720153,45.539886,-6.4627786,-0.17169777,DATA
1582891720169,45.190216,-6.775784,-0.1833275,DATA
1582891720188,45.483856,-6.302892,-0.18325749,DATA
1582891720218,45.901794,-6.0625534,-0.319859,DATA
1582891720245,45.5708,-6.4821405,-0.13676506,DATA
1582891720254,45.20047,-6.79532,-0.12871395,DATA
1582891720270,45.502472,-6.3286085,-0.19017182,DATA
1582891720289,45.790405,-6.1181707,-0.26301166,DATA
1582891720313,45.644287,-6.445512,-0.20455182,DATA
1582891720331,45.42102,-6.6398754,-0.22984566,DATA
1582891720355,45.763855,-6.099776,-0.27072132,DATA
1582891720374,46.251465,-5.7621503,-0.38466957,DATA
1582891720392,45.88684,-6.282494,-0.12008335,DATA
1582891720425,45.346375,-6.71815,0.0045557367,DATA
1582891720448,45.809143,-5.956921,-0.20037447,DATA
1582891720452,46.294037,-5.575347,-0.29420903,DATA
1582891720471,45.869873,-6.270252,-0.0888783,DATA
1582891720497,45.500275,-6.602491,-0.08233306,DATA
1582891720512,45.76935,-6.1455016,-0.29935488,DATA
1582891720533,46.22046,-5.7529883,-0.3850323,DATA
1582891720554,46.027252,-6.1363406,-0.31648055,DATA
1582891720577,45.656616,-6.5754023,-0.2830948,DATA
1582891720597,45.658936,-6.2871976,-0.33348054,DATA
1582891720614,45.981415,-5.88891,-0.3620609,DATA
1582891720645,45.85898,-6.177017,-0.27114692,DATA
1582891720653,45.73697,-6.3213124,-0.25231785,DATA
1582891720674,45.92502,-6.0349917,-0.36929852,DATA
1582891720695,46.148834,-5.9668827,-0.4443517,DATA
1582891720714,46.011932,-6.3637724,-0.50093824,DATA
1582891720739,45.93979,-6.4015346,-0.5059533,DATA
1582891720756,46.18576,-6.183718,-0.66344255,DATA
1582891720777,46.31903,-6.1488066,-0.7099284,DATA
1582891720804,46.197113,-6.4161477,-0.7137184,DATA
1582891720820,46.06314,-6.3776445,-0.6609899,DATA
1582891720836,46.204926,-6.174554,-0.7626991,DATA
1582891720876,46.013763,-6.3711557,-0.692718,DATA
1582891720880,45.82141,-6.517863,-0.61557883,DATA
1582891720896,45.740753,-6.3283305,-0.5904295,DATA
1582891720917,45.939392,-6.094826,-0.6999267,DATA
1582891720938,45.77942,-6.3138647,-0.51923555,DATA
1582891720956,45.652008,-6.510079,-0.6123366,DATA
1582891720982,45.801575,-6.2413473,-0.66780806,DATA
1582891720998,45.680664,-6.318366,-0.54900366,DATA
1582891721018,45.692688,-6.5941243,-0.73520327,DATA
1582891721039,45.464172,-6.8263474,-0.6222845,DATA
1582891721057,45.354767,-6.758954,-0.6487196,DATA
1582891721079,45.30426,-6.840551,-0.65015256,DATA
1582891721099,44.88086,-7.325616,-0.507027,DATA
1582891721120,44.884888,-7.128843,-0.60832256,DATA
1582891721138,44.592102,-7.400533,-0.37039563,DATA
1582891721160,44.586884,-7.3378687,-0.5185318,DATA
1582891721178,44.41092,-7.600884,-0.27426323,DATA
1582891721201,44.160583,-7.8270407,-0.34424704,DATA
1582891721221,44.12903,-7.7738028,-0.22078407,DATA
1582891721244,43.92978,-7.991164,-0.1929056,DATA
1582891721261,44.00934,-8.008199,-0.26673564,DATA
1582891721280,43.892456,-8.144525,-0.15300731,DATA
1582891721302,43.664703,-8.424392,-0.20486043,DATA
1582891721322,43.559784,-8.323164,-0.09753365,DATA
1582891721340,43.111694,-8.647334,0.09799341,DATA
1582891721361,42.91342,-8.500475,0.08961788,DATA
1582891721380,42.469055,-8.68666,0.3989838,DATA
1582891721404,42.04779,-8.753679,0.41561618,DATA
1582891721432,41.56555,-8.703977,0.7503613,DATA
1582891721468,40.78647,-8.972529,1.153588,DATA
1582891721468,40.167603,-8.874761,1.3397352,DATA
1582891721483,39.36563,-8.8289995,1.854597,DATA
1582891721501,38.436584,-8.983552,2.1553688,DATA
1582891721522,37.677002,-8.682391,2.529611,DATA
1582891721546,36.586212,-8.783245,3.0961885,DATA
1582891721563,35.48639,-8.785043,3.612306,DATA
1582891721583,34.419342,-8.546553,4.152303,DATA
1582891721602,33.277954,-8.593833,4.6665506,DATA
1582891721625,32.240234,-8.338995,5.179375,DATA
1582891721657,30.909088,-8.143956,5.9909906,DATA
1582891721667,29.747437,-8.03175,6.3928657,DATA
1582891721683,28.55606,-7.8850803,6.9698806,DATA
1582891721705,27.17212,-7.9657106,7.6343374,DATA
1582891721725,26.042725,-7.388733,8.120098,DATA
1582891721747,24.736938,-7.199879,8.820898,DATA
1582891721766,23.49118,-7.687922,9.246146,DATA
1582891721787,22.454163,-7.03099,9.707609,DATA
1582891721805,21.41336,-6.6916423,10.286647,DATA
1582891721828,20.597168,-6.6674285,10.515093,DATA
1582891721858,19.533936,-6.516876,11.215091,DATA
1582891721866,18.767212,-6.5494223,11.463095,DATA
1582891721890,18.295044,-6.5282125,11.535268,DATA
1582891721905,17.824158,-6.039072,11.828016,DATA
1582891721926,17.537262,-6.4749,11.925902,DATA
1582891721948,17.541992,-6.5265007,11.658746,DATA
1582891721969,17.415283,-6.307418,11.8735695,DATA
1582891721989,17.69159,-6.545681,11.441475,DATA
1582891722007,17.896362,-6.7386346,11.306912,DATA
1582891722035,17.871277,-6.6161966,11.461768,DATA
1582891722051,18.192444,-7.177993,10.976872,DATA
1582891722081,18.389648,-7.084398,10.900922,DATA
1582891722088,18.500854,-7.178074,10.906268,DATA
1582891722109,18.876709,-7.4657893,10.378675,DATA
1582891722127,19.032776,-7.240057,10.42874,DATA
1582891722149,19.357452,-7.537783,10.144255,DATA
1582891722169,19.55014,-8.228229,9.876669,DATA
1582891722190,19.730225,-8.041353,9.861291,DATA
1582891722215,19.852173,-8.072387,9.755182,DATA
1582891722239,19.999695,-8.631934,9.555981,DATA
1582891722272,19.933105,-8.24514,9.702749,DATA
1582891722272,20.16278,-8.415928,9.443984,DATA
1582891722290,20.236267,-8.810905,9.266888,DATA
1582891722310,20.096619,-8.823854,9.607718,DATA
1582891722329,20.169373,-8.331488,9.450897,DATA
1582891722355,20.45514,-8.316747,9.115585,DATA
1582891722372,20.259491,-8.725581,9.437706,DATA
1582891722390,20.157867,-9.2347765,9.455311,DATA
1582891722412,20.055603,-9.131214,9.421939,DATA
1582891722433,19.829193,-8.632287,9.685104,DATA
1582891722458,19.599426,-8.940715,9.7530365,DATA
1582891722471,19.372253,-9.073632,9.723943,DATA
1582891722490,19.027374,-8.7567625,10.099204,DATA
1582891722510,18.787903,-8.831439,10.148452,DATA
1582891722531,18.510254,-8.844865,10.229078,DATA
1582891722553,18.110992,-8.58825,10.659184,DATA
1582891722571,17.694092,-8.779524,10.820943,DATA
1582891722596,17.45987,-8.397143,10.853563,DATA
1582891722611,17.015106,-8.095451,11.307072,DATA
1582891722638,16.794647,-8.525722,11.24563,DATA
1582891722662,16.357544,-8.463262,11.587697,DATA
1582891722673,15.978912,-7.7581277,11.863155,DATA
1582891722694,15.574554,-8.120285,11.998349,DATA
1582891722713,14.943085,-8.420769,12.334943,DATA
1582891722734,14.1736145,-8.178415,12.81376,DATA
1582891722756,13.540405,-8.356534,12.994771,DATA
1582891722774,12.549438,-8.23649,13.579024,DATA
1582891722795,11.838287,-7.8936,13.922865,DATA
1582891722816,11.186554,-7.5384917,14.060411,DATA
1582891722838,10.448975,-7.4960995,14.491239,DATA
1582891722858,9.451904,-7.678147,14.9546175,DATA
1582891722875,8.8280945,-7.396189,15.044701,DATA
1582891722895,7.690735,-7.382288,15.773375,DATA
1582891722919,6.7787476,-7.9858685,16.042355,DATA
1582891722936,6.0486755,-6.986477,16.272062,DATA
1582891722964,5.1424866,-5.7613707,16.577723,DATA
1582891722978,4.450653,-6.7269306,16.619423,DATA
1582891723000,3.8052063,-7.257638,16.889973,DATA
1582891723017,2.718689,-6.4109917,17.420382,DATA
1582891723047,2.1513977,-6.082909,17.206453,DATA
1582891723083,1.2128296,-6.2744145,17.398169,DATA
1582891723083,0.29660034,-6.303888,17.763012,DATA
1582891723097,359.67807,-6.7229238,17.680809,DATA
1582891723118,359.29254,-6.6272273,17.628115,DATA
1582891723137,358.77628,-6.525099,17.709894,DATA
1582891723162,358.41965,-6.9152756,17.43166,DATA
1582891723179,357.87277,-6.7306614,17.41231,DATA
1582891723198,357.41623,-6.8876967,17.408468,DATA
1582891723220,356.9708,-7.729242,17.328043,DATA
1582891723247,356.68497,-7.2472105,17.102432,DATA
1582891723287,356.50995,-6.6714845,16.795364,DATA
1582891723287,356.3709,-7.5865564,16.457039,DATA
1582891723300,356.18762,-7.9678717,16.1795,DATA
1582891723319,355.981,-7.334853,16.006596,DATA
1582891723339,355.60138,-8.010325,15.768053,DATA
1582891723359,355.21503,-8.564168,15.662657,DATA
1582891723379,354.7457,-7.496173,15.546903,DATA
1582891723399,354.52408,-6.656589,14.831988,DATA
1582891723425,354.38635,-7.1847563,14.500724,DATA
1582891723445,353.9692,-8.72521,14.501417,DATA
1582891723478,353.66318,-9.2589245,14.256114,DATA
1582891723481,353.35614,-8.310486,13.981934,DATA
1582891723501,352.83566,-7.877954,13.859499,DATA
1582891723521,352.22913,-9.133382,13.799915,DATA
1582891723544,351.57437,-9.509167,13.751997,DATA
1582891723561,351.00024,-8.666508,13.596585,DATA
1582891723581,350.37454,-9.000175,13.538098,DATA
1582891723602,349.81247,-9.369818,13.351502,DATA
1582891723623,349.37668,-8.676421,13.07849,DATA
1582891723645,348.9883,-8.326775,12.717537,DATA
1582891723698,348.59805,-9.251239,12.564003,DATA
1582891723698,348.1748,-9.757756,12.426102,DATA
1582891723703,347.7523,-9.326059,12.188688,DATA
1582891723723,347.40707,-9.404628,11.866162,DATA
1582891723743,347.03745,-10.065918,11.670678,DATA
1582891723773,346.6203,-9.350543,11.301212,DATA
1582891723784,346.42642,-8.368613,10.655857,DATA
1582891723805,346.19846,-9.312447,10.315605,DATA
1582891723823,345.92865,-10.305619,10.120052,DATA
1582891723846,345.7824,-10.16423,9.726806,DATA
1582891723877,345.7527,-9.485016,9.137774,DATA
1582891723884,345.6164,-9.481988,8.685238,DATA
1582891723908,345.54282,-10.94436,8.534962,DATA
1582891723925,345.48663,-10.688454,8.037478,DATA
1582891723946,345.55527,-9.1563835,7.470202,DATA
1582891723968,345.53076,-9.350665,6.9352617,DATA
1582891723987,345.64075,-10.037387,6.4895587,DATA
1582891724006,345.67496,-10.463167,6.179867,DATA
1582891724025,345.7555,-9.899626,5.7594466,DATA
1582891724047,345.847,-9.602421,5.302496,DATA
1582891724071,345.8633,-11.379051,5.17657,DATA
1582891724092,345.85938,-11.559283,4.9161625,DATA
1582891724105,345.83627,-10.266411,4.58158,DATA
1582891724127,345.77106,-9.633892,4.1642265,DATA
1582891724148,345.64832,-10.5863695,4.1733975,DATA
1582891724170,345.6045,-11.568106,3.9372032,DATA
1582891724188,345.57697,-10.973082,3.7424595,DATA
1582891724209,345.48865,-10.782223,3.5450025,DATA
1582891724229,345.40512,-11.408834,3.4157317,DATA
1582891724250,345.24905,-11.616426,3.3744185,DATA
1582891724276,345.12253,-11.883181,3.3273363,DATA
1582891724288,345.0615,-12.221964,3.1519186,DATA
1582891724308,344.84555,-11.952236,3.18011,DATA
1582891724334,344.64862,-11.340493,3.070542,DATA
1582891724349,344.4072,-11.791323,2.9893668,DATA
1582891724370,344.29565,-12.237366,2.931703,DATA
1582891724392,344.085,-12.538775,3.0688424,DATA
1582891724413,343.94287,-11.753997,2.8054802,DATA
1582891724435,343.63516,-12.17117,3.0278761,DATA
1582891724456,343.35196,-12.219852,2.9481065,DATA
1582891724483,343.09152,-10.221723,2.7195714,DATA
1582891724491,342.76187,-10.641755,2.8033786,DATA
1582891724510,342.35904,-12.050814,2.8844337,DATA
1582891724533,342.15955,-11.479905,2.7283063,DATA
1582891724551,341.8883,-11.87131,2.6845562,DATA
1582891724575,341.6216,-12.069126,2.730106,DATA
1582891724590,341.30408,-10.238369,2.4735124,DATA
1582891724612,340.95862,-10.929689,2.4255738,DATA
1582891724631,340.67307,-12.380709,2.3476372,DATA
1582891724655,340.3947,-10.844279,2.2079298,DATA
1582891724678,339.99722,-9.022009,1.9120052,DATA
1582891724693,339.61676,-10.268254,1.7806942,DATA
1582891724712,339.1948,-11.79467,1.8447258,DATA
1582891724732,338.9905,-11.609525,1.575949,DATA
1582891724753,338.67517,-11.685848,1.4105623,DATA
1582891724775,338.41037,-11.089189,0.99479145,DATA
1582891724793,338.21088,-9.799595,0.49252388,DATA
1582891724817,337.82758,-10.283431,0.2895796,DATA
1582891724838,337.64935,-12.545027,0.2192558,DATA
1582891724865,337.56705,-12.17282,-0.2519522,DATA
1582891724911,337.37177,-9.742586,-0.90098816,DATA
1582891724911,337.22168,-10.627081,-1.2963291,DATA
1582891724918,337.08594,-12.860118,-1.6086518,DATA
1582891724935,337.01883,-12.556863,-2.0510576,DATA
1582891724955,336.7966,-11.27734,-2.437652,DATA
1582891724976,336.8314,-10.686279,-3.3482924,DATA
1582891724995,336.83636,-12.056686,-3.7654884,DATA
1582891725016,336.92575,-13.394405,-4.141046,DATA
1582891725035,337.07532,-12.683744,-4.816555,DATA
1582891725061,337.22818,-11.5431795,-5.6446958,DATA
1582891725111,337.42212,-12.008685,-6.3701887,DATA
1582891725111,337.66293,-11.766696,-7.1149964,DATA
1582891725121,337.77856,-11.145831,-7.5613027,DATA
1582891725136,338.09625,-12.397863,-8.252415,DATA
1582891725158,338.51797,-12.085585,-9.043195,DATA
1582891725176,338.82755,-11.151743,-9.61727,DATA
1582891725197,339.30026,-10.536932,-10.578108,DATA
1582891725217,339.6741,-10.904589,-11.039927,DATA
1582891725238,340.1677,-11.522374,-11.704216,DATA
1582891725257,340.73975,-11.029118,-12.391636,DATA
1582891725290,341.18048,-9.833027,-13.078784,DATA
1582891725298,341.71317,-9.607002,-13.73107,DATA
1582891725321,342.29617,-10.526536,-14.361846,DATA
1582891725341,342.84732,-10.026372,-14.8691,DATA
1582891725359,343.35733,-9.443606,-15.322531,DATA
1582891725382,343.94363,-10.015985,-15.897456,DATA
1582891725400,344.5919,-9.578755,-16.439592,DATA
1582891725420,345.1821,-8.743257,-16.847038,DATA
1582891725439,345.89075,-10.480467,-17.320086,DATA
1582891725462,346.59787,-10.612669,-17.819288,DATA
1582891725494,347.41037,-9.078364,-18.431427,DATA
1582891725502,348.09497,-8.675792,-18.834835,DATA
1582891725519,348.5886,-8.838825,-18.87253,DATA
1582891725540,349.2335,-10.163046,-19.249685,DATA
1582891725562,349.84088,-9.758016,-19.502825,DATA
1582891725581,350.42166,-8.411704,-19.637934,DATA
1582891725602,351.10678,-9.81789,-20.146528,DATA
1582891725623,351.63345,-10.20494,-20.064217,DATA
1582891725642,352.20816,-9.755755,-20.166279,DATA
1582891725661,352.97388,-9.639421,-20.534918,DATA
1582891725694,353.62662,-9.631329,-20.525288,DATA
1582891725703,354.08032,-9.568623,-20.282797,DATA
1582891725722,354.71216,-9.674192,-20.550856,DATA
1582891725746,355.31085,-10.880382,-20.513395,DATA
1582891725763,355.89563,-10.845826,-20.47689,DATA
1582891725782,356.60587,-8.130481,-20.604502,DATA
1582891725804,357.04306,-8.005109,-20.13499,DATA
1582891725824,357.6449,-12.148058,-20.338451,DATA
1582891725845,358.03738,-11.545587,-19.880013,DATA
1582891725870,358.66742,-9.977594,-19.845098,DATA
1582891725895,359.20502,-10.925353,-19.756287,DATA
1582891725903,359.52542,-11.719169,-19.2534,DATA
1582891725924,359.8786,-11.827456,-18.95074,DATA
1582891725945,0.24386597,-11.318723,-18.688044,DATA
1582891725964,0.70388794,-11.957573,-18.433628,DATA
1582891725989,0.961853,-12.399967,-17.862305,DATA
1582891726008,1.0257568,-13.195226,-17.292433,DATA
1582891726032,1.4028015,-13.281206,-17.296135,DATA
1582891726048,1.8860474,-11.331559,-16.951895,DATA
1582891726071,2.0870056,-10.752105,-16.308521,DATA
1582891726087,2.2085266,-13.004681,-15.8124075,DATA
1582891726126,2.3807983,-13.021896,-15.369023,DATA
1582891726126,2.5306396,-12.321071,-14.764284,DATA
1582891726146,2.6988525,-12.444759,-14.44603,DATA
1582891726166,2.807373,-12.853383,-14.027977,DATA
1582891726186,2.85849,-13.204101,-13.491766,DATA
1582891726206,2.9515686,-13.226558,-13.096029,DATA
1582891726229,3.1519775,-12.727148,-12.862976,DATA
1582891726247,3.3060608,-12.446445,-12.474166,DATA
1582891726276,3.3674622,-13.717834,-12.018074,DATA
1582891726314,3.3447266,-14.275445,-11.6176605,DATA
1582891726314,3.5717773,-11.788272,-11.492282,DATA
1582891726328,3.7961426,-10.232312,-11.293309,DATA
1582891726348,3.6314087,-13.997011,-10.613084,DATA
1582891726369,3.692047,-13.758233,-10.571175,DATA
1582891726390,3.8884888,-11.092829,-10.139063,DATA
1582891726408,4.0862427,-11.8347435,-10.1292925,DATA
1582891726431,4.3297424,-12.992739,-10.087621,DATA
1582891726450,4.4105225,-12.63344,-9.5624075,DATA
1582891726476,4.467804,-13.241463,-9.399228,DATA
1582891726532,4.584961,-13.580675,-9.169119,DATA
1582891726533,4.767639,-12.157829,-9.039381,DATA
1582891726533,4.813385,-11.339993,-8.71006,DATA
1582891726550,5.00058,-12.559936,-8.784901,DATA
1582891726574,5.256653,-12.821539,-8.792492,DATA
1582891726591,5.4724426,-11.101623,-8.526734,DATA
1582891726611,5.468994,-11.940465,-8.1064205,DATA
1582891726630,5.615143,-13.357945,-8.342995,DATA
1582891726651,5.8297424,-12.675642,-8.234136,DATA
1582891726672,6.01001,-11.724776,-8.06964,DATA
1582891726696,6.2817383,-11.849953,-8.2181835,DATA
1582891726714,6.5581665,-11.802997,-8.041889,DATA
1582891726733,6.682892,-11.941888,-7.8038883,DATA
1582891726756,6.749817,-12.401091,-7.5953574,DATA
1582891726772,6.8425293,-12.642972,-7.5072255,DATA
1582891726793,6.8280945,-13.170094,-7.307353,DATA
1582891726814,6.9095764,-12.880454,-7.262154,DATA
1582891726833,7.053528,-11.849446,-7.102889,DATA
1582891726853,7.3846436,-11.811919,-7.3977623,DATA
1582891726875,7.737549,-12.020094,-7.4379845,DATA
1582891726903,7.7808228,-12.77461,-6.9783373,DATA
1582891726918,7.778778,-12.451873,-6.8845687,DATA
1582891726934,7.873169,-11.483173,-6.7845473,DATA
1582891726960,7.874817,-12.05772,-6.6014776,DATA
1582891726975,7.9300537,-12.554392,-6.6472363,DATA
1582891726995,7.9865723,-12.248136,-6.4806066,DATA
1582891727016,8.291626,-10.624745,-6.559082,DATA
1582891727045,8.524445,-10.804904,-6.55613,DATA
1582891727056,8.371918,-12.676523,-6.171012,DATA
1582891727079,8.6528015,-11.0183525,-6.413545,DATA
1582891727113,8.902649,-9.942921,-6.355479,DATA
1582891727115,9.015533,-10.227916,-6.220274,DATA
1582891727135,8.99231,-10.942555,-5.903445,DATA
1582891727159,8.800476,-13.036352,-5.777132,DATA
1582891727178,8.926819,-11.517797,-5.8859,DATA
1582891727199,9.240448,-8.614674,-5.902475,DATA
1582891727219,9.550293,-9.527081,-6.1049967,DATA
1582891727236,9.714508,-12.052276,-5.7758565,DATA
1582891727257,9.712433,-12.262671,-5.6273446,DATA
1582891727285,9.926025,-10.909277,-5.6158285,DATA
1582891727300,9.942902,-11.909524,-5.5642347,DATA
1582891727317,9.778595,-13.734216,-5.312558,DATA
1582891727342,10.1073,-12.890178,-5.449261,DATA
1582891727359,10.41748,-11.833693,-5.5674367,DATA
1582891727378,10.885254,-12.423842,-5.5956216,DATA
1582891727400,11.198761,-13.18515,-5.5684943,DATA
1582891727421,11.486572,-13.374262,-5.5164585,DATA
1582891727441,11.625,-14.177507,-5.3251243,DATA
1582891727467,11.748169,-13.467022,-5.296204,DATA
1582891727484,12.339996,-10.342104,-5.5679684,DATA
1582891727510,12.785004,-11.331127,-5.513433,DATA
1582891727519,12.8815,-13.980855,-5.5900345,DATA
1582891727539,13.1901245,-13.040735,-5.3563986,DATA
1582891727561,13.455139,-11.865821,-5.189235,DATA
1582891727579,13.67981,-12.143978,-5.2019625,DATA
1582891727602,14.010681,-11.016556,-5.2682314,DATA
1582891727623,14.202667,-11.720925,-5.1035953,DATA
1582891727645,14.352844,-11.969314,-4.9698358,DATA
1582891727665,14.958557,-9.500533,-5.2497187,DATA
1582891727690,15.156433,-9.514251,-5.12479,DATA
1582891727718,15.379852,-11.198065,-5.071657,DATA
1582891727723,15.663361,-11.315597,-5.065024,DATA
1582891727742,15.982758,-9.5440855,-4.9378095,DATA
1582891727762,16.14392,-9.265867,-4.8056993,DATA
1582891727782,16.426086,-10.695189,-4.922163,DATA
1582891727805,16.588776,-11.3608265,-4.7002325,DATA
1582891727822,16.838165,-11.0756035,-4.689742,DATA
1582891727842,17.229462,-10.539998,-4.7533884,DATA
1582891727863,17.185608,-12.091717,-4.332343,DATA
1582891727886,17.306305,-11.69071,-4.37437,DATA
1582891727908,17.953308,-9.364246,-4.66358,DATA
1582891727923,18.455048,-10.175028,-4.7366033,DATA
1582891727944,18.654968,-11.763876,-4.4796805,DATA
1582891727964,18.615082,-12.092264,-3.98881,DATA
1582891727983,18.691254,-11.776428,-3.872966,DATA
1582891728008,19.09665,-10.975342,-4.187505,DATA
1582891728025,19.265747,-11.036483,-3.8059287,DATA
1582891728049,19.56601,-10.996198,-3.8857949,DATA
1582891728071,19.933685,-11.171063,-3.8596203,DATA
1582891728089,19.998596,-11.579231,-3.4615796,DATA
1582891728107,19.977112,-11.57213,-3.1782968,DATA
1582891728138,20.229889,-11.151068,-3.292996,DATA
1582891728148,20.578583,-10.521705,-3.341798,DATA
1582891728165,20.848114,-9.765061,-2.9947422,DATA
1582891728187,20.975586,-10.885348,-2.907549,DATA
1582891728206,20.9292,-12.055477,-2.6670325,DATA
1582891728231,20.940277,-11.648866,-2.3651505,DATA
1582891728247,21.163269,-10.969498,-2.4946766,DATA
1582891728267,21.53894,-9.986604,-2.5345883,DATA
1582891728294,21.78064,-10.600114,-2.3200572,DATA
1582891728344,21.998566,-10.544614,-2.2592854,DATA
1582891728345,22.11139,-10.676736,-1.8780482,DATA
1582891728348,22.176514,-11.337609,-1.7964565,DATA
1582891728367,22.314087,-11.191088,-1.7077157,DATA
1582891728387,22.310455,-11.532197,-1.4307767,DATA
1582891728408,22.579071,-10.433948,-1.3877017,DATA
1582891728428,22.800934,-10.019535,-1.2636163,DATA
1582891728454,22.743652,-12.085925,-1.0598689,DATA
1582891728469,22.71936,-11.409623,-0.7304645,DATA
1582891728493,23.185791,-8.727222,-0.91559464,DATA
1582891728545,23.165985,-10.863415,-0.5744294,DATA
1582891728545,22.734772,-12.088024,0.023361597,DATA
1582891728549,23.174408,-8.579497,-0.26465893,DATA
1582891728569,23.417572,-8.801867,-0.10573245,DATA
1582891728589,23.542267,-9.7537565,-0.04730846,DATA
1582891728609,23.376923,-10.861611,0.4715274,DATA
1582891728631,23.382477,-10.301173,0.47920635,DATA
1582891728650,23.543304,-9.134099,0.72575885,DATA
1582891728674,23.449097,-9.982016,0.9247822,DATA
1582891728697,23.303802,-10.56342,1.0693474,DATA
1582891728745,23.568848,-9.266638,1.0678421,DATA
1582891728745,23.649048,-9.249015,1.2563418,DATA
1582891728752,23.407898,-10.639737,1.6305547,DATA
1582891728773,23.274292,-11.001811,1.664856,DATA
1582891728793,23.249817,-10.259719,1.872886,DATA
1582891728813,23.188477,-9.897976,2.0125003,DATA
1582891728832,23.267822,-10.044702,2.0407383,DATA
1582891728853,23.267181,-10.898964,2.138357,DATA
1582891728872,23.22754,-10.988802,2.2265832,DATA
1582891728894,23.171173,-11.205043,2.357462,DATA
1582891728928,23.088257,-11.312805,2.4505622,DATA
1582891728937,23.0466,-11.192113,2.5220644,DATA
1582891728953,22.745941,-12.307856,2.8099082,DATA
1582891728976,22.750854,-11.374804,2.689324,DATA
1582891728997,22.951813,-10.096677,2.5820177,DATA
1582891729017,22.787079,-11.568373,2.8037877,DATA
1582891729035,22.775665,-11.670461,2.648353,DATA
1582891729062,22.899994,-10.189124,2.696627,DATA
1582891729075,22.956635,-10.208455,2.6670911,DATA
1582891729098,22.745483,-11.429219,2.9009762,DATA
1582891729131,22.644562,-11.483685,2.7591562,DATA
1582891729134,22.653076,-11.146936,2.728356,DATA
1582891729159,22.531128,-10.947997,2.9098632,DATA
1582891729176,22.693146,-9.843702,2.5889568,DATA
1582891729195,22.556213,-11.352111,2.6685905,DATA
1582891729218,22.306183,-11.387244,2.8319523,DATA
1582891729238,22.682098,-8.151925,2.4599154,DATA
1582891729260,22.721771,-9.765272,2.3935666,DATA
1582891729278,22.580109,-11.290095,2.3758032,DATA
1582891729298,22.58023,-10.205465,2.539027,DATA
1582891729330,22.847717,-9.089231,2.0997977,DATA
1582891729338,23.003143,-9.414781,2.1114094,DATA
1582891729359,22.971558,-10.3562355,2.1853616,DATA
1582891729376,22.730774,-11.182843,2.2609813,DATA
1582891729399,22.731934,-10.103942,2.2286875,DATA
1582891729419,23.00998,-8.332209,1.9223608,DATA
1582891729438,22.867828,-10.250442,2.0691125,DATA
1582891729461,22.869415,-10.880933,2.001962,DATA
1582891729480,22.980408,-10.06651,1.9253236,DATA
1582891729507,22.90451,-10.672864,1.9628216,DATA
1582891729540,22.849365,-10.352888,2.038947,DATA
1582891729545,23.047485,-9.448617,1.7771795,DATA
1582891729559,23.031921,-10.130977,1.7652756,DATA
1582891729578,22.918823,-10.277351,1.8929552,DATA
1582891729600,22.955872,-9.523233,1.8881992,DATA
1582891729619,22.932617,-9.447748,1.7827407,DATA
1582891729643,22.862,-9.890248,1.8076723,DATA
1582891729660,22.904236,-9.739014,1.7309098,DATA
1582891729682,22.972412,-8.999394,1.6512476,DATA
1582891729723,23.102509,-8.874982,1.6649166,DATA
1582891729725,23.029968,-10.172556,1.563151,DATA
1582891729741,22.862274,-9.974317,1.7321129,DATA
1582891729761,23.227661,-7.2342606,1.4219906,DATA
1582891729781,23.285889,-8.889746,1.3313421,DATA
1582891729802,22.903748,-11.008245,1.724487,DATA
1582891729821,22.93631,-9.336037,1.5473909,DATA
1582891729842,23.099152,-9.015058,1.3359351,DATA
1582891729861,22.902588,-10.783837,1.5716705,DATA
1582891729885,22.842865,-10.468308,1.5130688,DATA
1582891729905,23.098938,-9.570716,1.1792735,DATA
1582891729957,23.38446,-9.010688,1.0696125,DATA
1582891729957,23.208221,-11.143444,1.338585,DATA
1582891729968,22.812225,-11.913987,1.4232495,DATA
1582891729983,23.360657,-7.9888268,0.9838477,DATA
1582891730003,23.617462,-7.9565625,0.91456085,DATA
1582891730024,23.160675,-12.4187565,1.166523,DATA
1582891730044,23.205597,-10.857126,1.0685018,DATA
1582891730072,23.57489,-7.864343,0.986682,DATA
1582891730084,23.660156,-9.42615,0.7764086,DATA
1582891730109,23.317596,-11.575662,1.1738071,DATA
1582891730160,23.110504,-10.904788,1.228278,DATA
1582891730161,23.377502,-8.425637,1.0298537,DATA
1582891730170,23.433868,-8.739432,1.0668668,DATA
1582891730185,22.997131,-11.840092,1.2464423,DATA
1582891730206,22.846008,-10.68206,1.356822,DATA
1582891730229,23.25711,-7.4001794,0.9806634,DATA
1582891730246,23.37732,-8.404705,0.872362,DATA
1582891730266,23.228577,-10.202463,0.986169,DATA
1582891730286,22.939209,-10.711926,1.2412719,DATA
1582891730307,22.868774,-9.304978,1.2225186,DATA
1582891730331,23.059937,-7.6447787,0.9677293,DATA
1582891730347,23.063538,-8.970285,0.77018976,DATA
1582891730367,22.774292,-10.21886,1.0813812,DATA
1582891730392,22.860718,-8.688232,0.8378169,DATA
1582891730408,22.927673,-8.256548,0.7658043,DATA
1582891730429,22.954681,-9.160306,0.61268675,DATA
1582891730451,22.68982,-11.012787,0.67428267,DATA
1582891730469,22.486755,-10.112491,0.76441264,DATA
1582891730488,23.016113,-6.6061897,0.13805714,DATA
1582891730510,23.156067,-8.407653,0.08883774,DATA
1582891730544,22.890411,-11.517499,0.01847673,DATA
1582891730550,22.703918,-11.221109,0.19594635,DATA
1582891730568,22.977478,-9.545028,-0.21189933,DATA
1582891730594,23.048157,-10.741724,-0.44226876,DATA
1582891730610,22.928589,-11.854337,-0.4956158,DATA
1582891730629,23.202606,-9.82668,-0.758274,DATA
1582891730657,23.593414,-8.374229,-1.1243794,DATA
1582891730671,23.342834,-11.175682,-0.7936086,DATA
1582891730692,23.395325,-11.189517,-1.3016217,DATA
1582891730719,23.37387,-10.29671,-0.951532,DATA
1582891730754,23.553131,-9.561219,-1.4064138,DATA
1582891730754,23.82129,-9.172359,-1.7144436,DATA
1582891730771,23.86258,-9.892718,-1.6458305,DATA
1582891730791,23.970856,-9.504605,-1.7102486,DATA
1582891730811,24.061493,-9.177892,-1.7900641,DATA
1582891730834,23.924347,-10.528633,-1.7899824,DATA
1582891730854,24.18695,-8.103993,-2.0868976,DATA
1582891730874,24.535797,-6.0057173,-2.050614,DATA
1582891730897,24.689453,-7.586337,-2.407793,DATA
1582891730917,24.429413,-9.333413,-2.029772,DATA
1582891730958,24.380432,-8.837953,-1.9436904,DATA
1582891730958,24.747345,-7.2808366,-2.516971,DATA
1582891730973,24.913574,-7.0178227,-2.3344095,DATA
1582891730992,24.817657,-8.606752,-2.1640837,DATA
1582891731013,24.976715,-8.041859,-2.4137175,DATA
1582891731033,25.18222,-7.1904287,-2.4412746,DATA
1582891731053,25.056946,-8.229932,-2.191436,DATA
1582891731081,24.97583,-9.100969,-2.3518515,DATA
1582891731093,25.152618,-7.7289824,-2.4885063,DATA
1582891731119,25.268097,-7.395979,-2.4279459,DATA
1582891731144,25.265015,-8.768732,-2.5101073,DATA
1582891731154,25.100494,-10.0963955,-2.4754956,DATA
1582891731174,25.102112,-9.135738,-2.4480426,DATA
1582891731194,25.393677,-7.2574234,-2.6141603,DATA
1582891731218,25.458588,-8.654113,-2.6353106,DATA
1582891731237,25.428986,-9.900423,-2.7889287,DATA
1582891731260,25.50418,-9.561942,-2.7775714,DATA
1582891731279,25.709015,-8.553497,-2.889256,DATA
1582891731299,25.908356,-8.2511,-2.969479,DATA
1582891731318,25.68991,-10.624094,-2.8729498,DATA
1582891731355,25.796844,-9.553843,-3.1263115,DATA
1582891731356,26.039886,-7.30795,-2.9418838,DATA
1582891731378,26.147736,-8.304735,-3.382107,DATA
1582891731397,25.953918,-9.704332,-3.0577052,DATA
1582891731417,26.307129,-7.401148,-3.4612,DATA
1582891731436,26.611755,-6.81977,-3.4894245,DATA
1582891731462,26.728027,-7.74106,-3.4940495,DATA
1582891731477,26.467316,-9.921554,-3.329446,DATA
1582891731498,26.829071,-7.6997447,-3.7437637,DATA
1582891731524,27.18155,-6.251787,-3.6987789,DATA
1582891731546,27.09259,-8.947517,-3.6981108,DATA
1582891731559,27.05075,-9.341878,-3.8266194,DATA
1582891731578,27.249542,-7.517233,-3.6488378,DATA
1582891731598,27.470764,-8.035601,-3.935911,DATA
1582891731620,27.58133,-8.524302,-4.0542135,DATA
1582891731638,27.701141,-8.455939,-3.9428978,DATA
1582891731662,28.02295,-7.0079765,-4.031073,DATA
1582891731678,28.223297,-7.0022774,-3.9847448,DATA
1582891731700,28.206726,-9.7368355,-4.2220807,DATA
1582891731726,28.102478,-10.0323105,-4.0312276,DATA
1582891731742,28.28061,-8.160488,-3.997449,DATA
1582891731776,28.756683,-6.9498487,-4.416886,DATA
1582891731781,29.027802,-7.928896,-4.3672442,DATA
1582891731800,28.847412,-9.699453,-4.0588326,DATA
1582891731820,28.743958,-9.972986,-4.1497593,DATA
1582891731841,28.80545,-9.25249,-4.0198517,DATA
1582891731862,29.184204,-7.093567,-4.22333,DATA
1582891731881,29.56781,-6.952376,-4.4422836,DATA
1582891731905,29.801208,-8.035998,-4.4938707,DATA
1582891731923,29.667847,-8.947924,-3.9481733,DATA
1582891731957,29.447144,-9.632605,-3.8901732,DATA
1582891731965,29.762085,-8.333159,-4.3046465,DATA
1582891731983,30.069916,-7.5616903,-4.2360463,DATA
1582891732002,30.31012,-7.4181137,-4.168053,DATA
1582891732024,30.57193,-7.508574,-4.254213,DATA
1582891732048,30.380676,-9.503875,-4.02248,DATA
1582891732065,30.0878,-9.5873785,-3.7005508,DATA
1582891732094,30.329102,-8.639031,-4.035203,DATA
1582891732104,30.439056,-8.73408,-4.0207524,DATA
1582891732124,30.672424,-7.6964254,-4.059455,DATA
1582891732165,30.95227,-7.33976,-4.0803113,DATA
1582891732165,31.137207,-8.438154,-4.209591,DATA
1582891732187,30.979523,-8.800697,-3.864594,DATA
1582891732205,30.591553,-9.897675,-3.7221162,DATA
1582891732226,30.927155,-8.483374,-4.3012114,DATA
1582891732246,31.491241,-5.04961,-4.1685963,DATA
1582891732266,31.791962,-6.1994147,-4.3441896,DATA
1582891732286,31.626099,-9.672971,-4.425645,DATA
1582891732306,31.621521,-8.001535,-3.9984837,DATA
1582891732328,31.866089,-6.3545866,-4.1122193,DATA
1582891732360,31.885895,-8.143281,-4.3166375,DATA
1582891732365,31.83081,-7.686448,-3.990095,DATA
1582891732390,32.21045,-5.9571195,-4.2090654,DATA
1582891732407,32.830933,-5.3054733,-4.65705,DATA
1582891732431,32.72705,-7.472561,-4.251499,DATA
1582891732451,32.347137,-7.9002495,-3.7716966,DATA
1582891732469,32.774048,-6.1706724,-4.3509684,DATA
1582891732494,33.25467,-5.125578,-4.572318,DATA
1582891732509,33.139923,-6.671472,-4.0815516,DATA
1582891732531,32.9382,-7.984753,-4.050563,DATA
1582891732564,33.246582,-6.436616,-4.3343782,DATA
1582891732567,33.421722,-6.1868453,-4.0589995,DATA
1582891732589,33.43213,-7.6523767,-4.276603,DATA
1582891732608,33.49344,-8.0274,-4.4311934,DATA
1582891732633,33.77469,-6.752806,-4.240756,DATA
1582891732651,33.95349,-6.1786404,-4.1561294,DATA
1582891732673,33.704193,-8.499149,-4.1271634,DATA
1582891732693,33.64987,-8.581716,-4.262377,DATA
1582891732711,34.4552,-3.9144049,-4.6116056,DATA
1582891732732,34.793793,-4.0856504,-4.4927707,DATA
1582891732777,34.78546,-7.3986387,-4.563913,DATA
1582891732777,34.27112,-8.459108,-3.951968,DATA
1582891732793,34.45404,-6.36532,-4.2508035,DATA
1582891732810,34.80902,-5.8061466,-4.5819035,DATA
1582891732831,34.96768,-5.664574,-4.30519,DATA
1582891732850,35.064026,-5.873778,-4.270957,DATA
1582891732874,35.20868,-6.3619175,-4.441815,DATA
1582891732895,35.151245,-6.667245,-4.1970353,DATA
1582891732916,34.76999,-7.53727,-4.0161734,DATA
1582891732936,34.99643,-6.3542995,-4.5074844,DATA
1582891732964,35.48123,-4.485964,-4.547214,DATA
1582891732972,35.507294,-5.9912143,-4.427834,DATA
1582891732994,35.38034,-7.629686,-4.54438,DATA
1582891733013,35.637665,-6.443293,-4.6945686,DATA
1582891733034,35.800446,-6.171171,-4.659258,DATA
1582891733052,35.84857,-6.7797074,-4.8268237,DATA
1582891733073,35.72528,-7.740323,-4.7945743,DATA
1582891733097,35.90497,-6.6166205,-4.9062757,DATA
1582891733113,36.419952,-4.8657675,-5.3449993,DATA
1582891733137,36.52826,-6.452271,-5.3615217,DATA
1582891733165,36.363983,-7.670363,-5.3239393,DATA
1582891733173,36.66095,-6.054311,-5.5867567,DATA
1582891733193,37.043304,-4.78905,-5.6796227,DATA
1582891733215,37.139343,-6.328254,-5.626241,DATA
1582891733234,37.297394,-6.815867,-5.966141,DATA
1582891733258,37.282837,-7.3134747,-5.9358377,DATA
1582891733274,37.460236,-6.591536,-6.024389,DATA
1582891733298,37.867218,-5.0298533,-6.20805,DATA
1582891733319,37.98575,-6.0707035,-6.3195286,DATA
1582891733339,37.93393,-7.416314,-6.4515915,DATA
1582891733358,38.198303,-5.888879,-6.512513,DATA
1582891733393,38.543823,-5.032281,-6.645677,DATA
1582891733397,38.618835,-6.6921735,-6.792677,DATA
1582891733415,38.94922,-6.1145372,-7.1245275,DATA
1582891733437,39.143494,-5.3788943,-6.9401407,DATA
1582891733457,39.32019,-6.127931,-7.1411414,DATA
1582891733476,39.497925,-6.316289,-7.2343435,DATA
1582891733501,39.567993,-6.1532693,-7.1381736,DATA
1582891733517,39.905396,-6.095984,-7.722875,DATA
1582891733539,40.33673,-5.525765,-7.8037786,DATA
1582891733558,40.642487,-4.806199,-7.69968,DATA
1582891733579,40.80185,-6.478755,-7.9711003,DATA
1582891733598,40.911987,-6.9464755,-7.961336,DATA
1582891733624,41.317993,-5.751941,-8.18573,DATA
1582891733638,41.988617,-5.1940527,-8.742284,DATA
1582891733658,42.286987,-6.1857944,-8.594832,DATA
1582891733679,42.22052,-7.2239137,-8.4637575,DATA
1582891733699,42.51599,-6.500189,-8.642508,DATA
1582891733721,43.177734,-5.3106046,-9.119229,DATA
1582891733743,43.50894,-6.5492644,-9.199252,DATA
1582891733796,43.285126,-7.9124956,-8.887712,DATA
1582891733796,43.72061,-6.9755435,-9.426866,DATA
1582891733805,44.631866,-4.7894864,-9.635385,DATA
1582891733820,45.145294,-5.0166726,-9.451389,DATA
1582891733846,45.01483,-8.153682,-9.519165,DATA
1582891733860,44.898285,-8.605257,-9.527595,DATA
1582891733880,45.69818,-5.435757,-9.901531,DATA
1582891733900,46.397095,-4.4879675,-9.830657,DATA
1582891733925,46.345367,-7.307787,-9.705199,DATA
1582891733948,46.11383,-9.24326,-9.882723,DATA
1582891733991,46.484833,-7.322921,-9.956309,DATA
1582891733991,47.31183,-5.2185726,-10.0977335,DATA
1582891734002,47.794678,-5.9375367,-10.298711,DATA
1582891734022,47.789886,-8.133939,-10.241083,DATA
1582891734043,48.032837,-7.358634,-10.109168,DATA
1582891734063,48.58725,-5.6748757,-10.230197,DATA
1582891734084,48.810852,-6.4478045,-9.926022,DATA
1582891734111,48.75934,-7.9796715,-10.005558,DATA
1582891734122,49.16989,-7.546999,-10.347271,DATA
1582891734144,49.41507,-7.5836573,-10.148732,DATA
1582891734180,49.730835,-7.732847,-10.37255,DATA
1582891734186,50.409912,-6.2010207,-10.392359,DATA
1582891734204,50.667267,-7.0257707,-10.447221,DATA
1582891734225,50.747192,-8.753323,-10.493231,DATA
1582891734245,51.29309,-6.2277975,-10.582357,DATA
1582891734265,51.75406,-5.828791,-10.327657,DATA
1582891734288,51.811676,-8.390803,-10.468008,DATA
1582891734308,52.178833,-7.394629,-10.506214,DATA
1582891734326,52.756104,-6.0395265,-10.199148,DATA
1582891734348,53.270966,-7.342754,-10.604437,DATA
1582891734378,53.31256,-8.508599,-10.460819,DATA
1582891734385,53.721405,-7.4625325,-10.284252,DATA
1582891734405,54.375946,-6.481091,-10.416117,DATA
1582891734430,54.799866,-8.081704,-10.588722,DATA
1582891734445,55.00525,-8.057193,-10.082269,DATA
1582891734469,55.312225,-7.9951515,-10.000864,DATA
1582891734486,55.808716,-8.0127535,-10.376342,DATA
1582891734509,56.13858,-7.8420405,-9.641135,DATA
1582891734526,56.175415,-8.605081,-9.588042,DATA
1582891734548,56.548798,-8.563715,-9.884081,DATA
1582891734579,56.990112,-7.7125583,-9.322657,DATA
1582891734587,56.983612,-8.787121,-9.057378,DATA
1582891734608,56.89203,-9.473471,-9.082557,DATA
1582891734630,57.490967,-7.8151417,-8.919023,DATA
1582891734648,58.297943,-6.0752177,-8.954623,DATA
1582891734673,58.511017,-7.9006915,-8.492811,DATA
1582891734690,57.972534,-9.889844,-7.8290973,DATA
1582891734711,57.883118,-9.294815,-7.6622515,DATA
1582891734732,58.43271,-7.3309793,-7.6767263,DATA
1582891734756,58.759552,-7.6560144,-7.4059176,DATA
1582891734790,58.783936,-8.567096,-7.0420356,DATA
1582891734794,58.73575,-8.670551,-6.7963977,DATA
1582891734810,59.194183,-7.244952,-6.6348176,DATA
1582891734830,59.731506,-5.7532616,-6.295766,DATA
1582891734850,59.59381,-7.6176023,-5.8490415,DATA
1582891734871,58.96875,-9.499641,-5.417613,DATA
1582891734890,59.126312,-7.670675,-5.2491856,DATA
1582891734915,59.73221,-5.731744,-4.8331823,DATA
1582891734932,59.924133,-6.6749954,-4.785776,DATA
1582891734958,59.590027,-9.157363,-4.484815,DATA
1582891734993,59.510773,-8.554347,-4.0122924,DATA
1582891734993,59.660797,-7.69005,-3.7592852,DATA
1582891735012,59.67758,-8.360347,-3.47262,DATA
1582891735034,59.712646,-8.153448,-3.1515317,DATA
1582891735052,59.677002,-8.526492,-2.867975,DATA
1582891735072,59.661987,-8.818034,-2.734976,DATA
1582891735092,59.746277,-8.048158,-2.1258228,DATA
1582891735119,59.80829,-8.015237,-1.9971322,DATA
1582891735132,59.505463,-9.42128,-1.6422026,DATA
1582891735154,59.252197,-9.332747,-1.3030845,DATA
1582891735179,59.384705,-8.0958395,-1.1653026,DATA
1582891735194,59.463837,-7.9235444,-0.7046322,DATA
1582891735216,59.358307,-8.375603,-0.5511785,DATA
1582891735235,58.799835,-9.687545,-0.07070614,DATA
1582891735255,58.629883,-8.682625,0.15550268,DATA
1582891735278,58.724304,-7.3496556,0.52308,DATA
1582891735295,58.576843,-8.081259,0.75310624,DATA
1582891735315,58.299652,-8.46478,0.98994297,DATA
1582891735334,58.161774,-7.72019,1.2876534,DATA
1582891735356,58.17691,-7.2923617,1.4854066,DATA
1582891735378,57.918427,-7.8369827,1.6203128,DATA
1582891735396,57.161865,-8.941432,2.1933973,DATA
1582891735415,56.999268,-7.560179,2.1643157,DATA
1582891735435,57.292175,-6.09684,2.027405,DATA
1582891735457,57.27057,-6.681465,2.1103208,DATA
1582891735477,56.877472,-7.7393103,2.588971,DATA
1582891735495,56.322388,-8.225583,2.780281,DATA
1582891735516,56.105957,-7.8301187,2.707878,DATA
1582891735536,56.142334,-6.7126036,2.7149568,DATA
1582891735560,56.08893,-6.913969,2.7099352,DATA
1582891735576,55.858124,-7.647685,2.6170628,DATA
1582891735601,55.58441,-8.003378,2.8002212,DATA
1582891735618,55.596954,-7.044548,2.5505161,DATA
1582891735639,55.378357,-7.771772,2.835025,DATA
1582891735657,54.954834,-8.782871,2.5114572,DATA
1582891735678,55.320984,-6.674177,2.0806513,DATA
1582891735698,55.67331,-5.263193,2.166303,DATA
1582891735718,55.44461,-7.639822,2.107691,DATA
1582891735739,54.81433,-9.082832,2.093842,DATA
1582891735759,54.818665,-7.2849364,2.1594758,DATA
1582891735798,55.079407,-6.274398,1.5907078,DATA
1582891735799,55.262268,-7.1841636,1.4232899,DATA
1582891735820,55.296295,-7.172166,1.3856838,DATA
1582891735840,55.304657,-7.3913617,1.1754035,DATA
1582891735860,55.273926,-7.7581763,1.2735893,DATA
1582891735880,55.24713,-7.8810034,1.0323503,DATA
1582891735901,55.164307,-8.289878,0.8838045,DATA
1582891735924,55.337585,-7.6143656,0.78650457,DATA
1582891735940,55.54541,-7.536203,0.6211024,DATA
1582891735963,55.264008,-9.101709,0.5861549,DATA
1582891735998,55.19864,-9.060746,0.5758735,DATA
1582891736003,55.540253,-8.218124,0.13598664,DATA
1582891736020,55.317566,-9.774169,0.0014535496,DATA
1582891736042,54.89972,-10.293131,0.14187086,DATA
1582891736065,55.189148,-8.466675,-0.07552952,DATA
1582891736082,55.46991,-8.167649,-0.2383209,DATA
1582891736102,55.49118,-9.103242,-0.3033572,DATA
1582891736133,55.387726,-9.178903,-0.3267988,DATA
1582891736142,55.238983,-9.652286,-0.27428094,DATA
1582891736165,55.71988,-7.8749604,-0.758899,DATA
1582891736196,55.901367,-7.726258,-0.6346492,DATA
1582891736204,55.496765,-9.747344,-0.6546543,DATA
1582891736223,55.80304,-8.128182,-1.013324,DATA
1582891736247,56.371033,-6.541166,-1.1432744,DATA
1582891736265,56.541565,-7.871084,-1.2187635,DATA
1582891736287,56.5065,-8.372991,-1.2412827,DATA
1582891736307,56.159485,-8.695047,-0.96866214,DATA
1582891736327,56.16342,-7.9431806,-0.943818,DATA
1582891736351,56.47336,-6.6800714,-1.0523227,DATA
1582891736370,56.465546,-7.5682883,-1.185763,DATA
1582891736401,56.40268,-7.816203,-1.0179678,DATA
1582891736411,56.5231,-6.988576,-1.1118246,DATA
1582891736425,56.63629,-7.1381645,-1.0267184,DATA
1582891736448,56.48828,-7.591307,-0.96492016,DATA
1582891736465,56.515106,-7.649699,-1.0776259,DATA
1582891736491,56.82007,-6.714633,-1.223042,DATA
1582891736505,56.876617,-7.7395144,-1.3062165,DATA
1582891736527,57.076233,-7.394823,-1.2509433,DATA
1582891736550,57.03888,-7.725333,-1.1540418,DATA
1582891736572,56.93213,-8.496158,-1.1952573,DATA
1582891736590,57.119812,-7.627869,-1.1265944,DATA
1582891736633,57.260895,-7.6649776,-1.0226094,DATA
1582891736633,57.370087,-8.209466,-1.094826,DATA
1582891736649,57.243683,-8.654843,-0.8435909,DATA
1582891736668,57.01828,-8.92524,-0.6517056,DATA
1582891736688,56.986908,-8.683008,-0.57164216,DATA
1582891736708,57.386078,-7.6001744,-0.71869206,DATA
1582891736728,57.65988,-7.3675413,-0.7138742,DATA
1582891736748,57.52353,-8.949847,-0.41492373,DATA
1582891736770,57.532196,-8.676791,-0.31715676,DATA
1582891736796,57.47162,-8.851583,-0.14165828,DATA
1582891736808,57.377594,-8.9288645,0.10770233,DATA
1582891736831,57.593567,-8.031528,0.095950976,DATA
1582891736850,57.34906,-9.266146,0.2678968,DATA
1582891736873,56.920288,-9.787094,0.7230733,DATA
1582891736893,56.971313,-8.536245,0.9244806,DATA
1582891736925,57.179718,-8.052665,0.98622423,DATA
1582891736933,56.71576,-9.613694,1.379329,DATA
1582891736953,56.47238,-9.325072,1.4732071,DATA
1582891736971,56.47632,-8.206883,1.7477293,DATA
1582891736997,56.32727,-8.679028,2.019839,DATA
1582891737012,56.160583,-8.751697,2.0758362,DATA
1582891737032,56.08731,-8.135538,2.267431,DATA
1582891737051,55.994965,-8.134115,2.3397644,DATA
1582891737075,56.033386,-7.3659306,2.7084153,DATA
1582891737091,55.519684,-8.328284,3.1470883,DATA
1582891737114,54.78952,-9.507078,3.2278738,DATA
1582891737147,54.81421,-7.5051484,3.2486207,DATA
1582891737154,55.273743,-5.6300545,3.1207802,DATA
1582891737182,55.257935,-6.5989213,3.3029854,DATA
1582891737232,54.721344,-8.512209,3.5325403,DATA
1582891737232,54.365112,-8.306236,3.7136664,DATA
1582891737242,54.111633,-8.004164,3.8183913,DATA
1582891737254,53.687073,-8.655202,3.7391443,DATA
1582891737273,53.896454,-7.010157,3.5768116,DATA
1582891737293,54.29355,-5.567874,3.4890656,DATA
1582891737313,54.176636,-7.3638773,3.4697044,DATA
1582891737333,53.443665,-9.020608,3.90474,DATA
1582891737353,53.02121,-8.528152,3.8718174,DATA
1582891737377,53.454193,-6.4100294,3.30618,DATA
1582891737435,53.65143,-6.7744923,3.3418584,DATA
1582891737435,53.603424,-7.543896,3.2345808,DATA
1582891737450,53.35501,-8.166131,3.4958189,DATA
1582891737455,53.074524,-8.636645,3.3380132,DATA
1582891737477,52.657623,-8.8763275,3.4223163,DATA
1582891737495,52.837036,-7.0860095,3.2975514,DATA
1582891737517,53.43933,-5.238388,2.8761313,DATA
1582891737535,53.13553,-8.615573,2.9303477,DATA
1582891737559,52.947998,-8.142699,3.2570097,DATA
1582891737579,52.595398,-8.18698,3.3216527,DATA
1582891737621,53.01935,-7.618404,2.4892194,DATA
1582891737621,53.345917,-6.433168,2.8239367,DATA
1582891737638,53.356537,-7.3555484,2.5729396,DATA
1582891737659,52.6062,-9.469945,2.744756,DATA
1582891737678,52.216125,-8.458051,3.150872,DATA
1582891737697,52.882446,-5.0192847,2.6379948,DATA
1582891737718,52.879974,-6.0820384,2.6870666,DATA
1582891737741,52.477844,-8.508493,2.5409338,DATA
1582891737757,52.68573,-5.794716,2.831881,DATA
1582891737779,52.773743,-5.280756,3.0563161,DATA
1582891737815,52.40695,-7.878595,2.8057702,DATA
1582891737824,52.229645,-7.5224996,2.84381,DATA
1582891737839,51.953705,-7.5094175,2.9056802,DATA
1582891737860,51.639984,-7.468752,3.1615512,DATA
1582891737880,52.004272,-5.207045,2.9135358,DATA
1582891737899,52.093964,-5.96312,2.8804004,DATA
1582891737920,51.31909,-8.499554,3.0299485,DATA
1582891737947,51.256958,-6.989205,2.9059272,DATA
1582891737960,51.54254,-5.0553994,2.9388087,DATA
1582891737982,51.404358,-6.453665,3.0081882,DATA
1582891738015,51.405396,-6.814594,2.8517501,DATA
1582891738022,51.08023,-6.9848847,2.9165041,DATA
1582891738045,51.25287,-6.1104956,2.7615182,DATA
1582891738060,51.294586,-5.4626484,3.0583074,DATA
1582891738080,51.276154,-5.998362,3.12813,DATA
1582891738101,51.027008,-7.3519106,2.7616909,DATA
1582891738121,51.308044,-6.668754,2.503714,DATA
1582891738150,51.325928,-6.5806465,2.6306205,DATA
1582891738162,50.818848,-8.45733,2.761288,DATA
1582891738184,50.69629,-7.823106,2.7038202,DATA
1582891738212,51.22888,-5.9860497,2.328714,DATA
1582891738222,51.58252,-6.474385,2.164507,DATA
1582891738242,51.65039,-6.7622166,2.3758955,DATA
1582891738262,51.02112,-8.585143,2.6837313,DATA
1582891738282,50.580566,-8.644677,2.953325,DATA
1582891738303,51.1019,-5.51987,2.6891766,DATA
1582891738323,51.637207,-5.1643667,2.181138,DATA
1582891738347,51.037872,-8.911423,2.705157,DATA
1582891738366,50.841278,-7.9930186,2.8172743,DATA
1582891738387,50.809204,-7.404494,2.8056636,DATA
1582891738426,50.515015,-8.291239,2.9552004,DATA
1582891738426,50.82602,-6.07816,2.781126,DATA
1582891738446,50.77191,-6.3101516,2.9897444,DATA
1582891738465,50.449524,-7.579339,3.1945362,DATA
1582891738485,50.812897,-5.062961,3.1251867,DATA
1582891738506,50.802826,-5.3166976,3.3617556,DATA
1582891738525,50.051697,-7.713469,3.8131132,DATA
1582891738545,49.587494,-7.645051,3.737886,DATA
1582891738568,49.36142,-6.484044,3.950681,DATA
1582891738589,49.615723,-4.7912626,4.0506873,DATA
1582891738634,49.9032,-4.683087,3.76164,DATA
1582891738635,49.588562,-6.214415,4.154878,DATA
1582891738646,49.070618,-6.7341065,4.4767747,DATA
1582891738668,48.75583,-7.0421395,4.299342,DATA
1582891738688,48.342285,-6.711001,4.7670703,DATA
1582891738707,48.45099,-5.677805,4.4049745,DATA
1582891738728,48.401093,-6.474779,4.309225,DATA
1582891738747,48.02951,-7.0134373,4.711379,DATA
1582891738773,47.970093,-6.639211,4.577696,DATA
1582891738793,47.928802,-6.530019,4.5831537,DATA
1582891738851,47.299683,-8.181738,4.741382,DATA
1582891738852,46.85608,-8.455789,4.738017,DATA
1582891738852,46.8916,-6.717362,4.622925,DATA
1582891738869,47.072662,-6.2075634,4.32433,DATA
1582891738889,46.67682,-8.240726,4.508236,DATA
1582891738914,45.90326,-9.3433075,4.5287676,DATA
1582891738929,45.96512,-7.1326895,4.501286,DATA
1582891738949,46.470947,-5.3177514,4.0329814,DATA
1582891738969,46.40616,-7.449923,3.880279,DATA
1582891738990,45.507385,-9.39065,4.352548,DATA
1582891739014,44.949707,-8.859592,4.3274336,DATA
1582891739031,45.45285,-6.1777215,3.7712321,DATA
1582891739052,46.045624,-4.413376,3.492328,DATA
1582891739073,45.60678,-7.560406,3.6023011,DATA
1582891739092,45.06189,-8.466437,3.6259732,DATA
1582891739112,45.326965,-5.7236056,3.5195673,DATA
1582891739135,45.804993,-4.4273567,3.0941458,DATA
1582891739156,45.200043,-7.5343714,3.3849723,DATA
1582891739172,44.750916,-7.7920218,3.140878,DATA
1582891739195,45.149567,-4.7387514,2.916861,DATA
1582891739233,45.88037,-2.73454,2.639049,DATA
1582891739233,45.88965,-5.213833,2.5995188,DATA
1582891739252,44.948486,-7.8068347,2.932619,DATA
1582891739274,44.9039,-6.0522532,2.7249737,DATA
1582891739292,45.56845,-3.664927,2.2805822,DATA
1582891739316,45.9422,-3.7266212,2.2889612,DATA
1582891739334,45.160553,-7.1964912,2.5500376,DATA
1582891739354,44.65268,-7.6454124,2.5730886,DATA
1582891739375,45.277557,-4.1371713,2.0571365,DATA
1582891739396,45.869904,-3.358596,1.8927298,DATA
1582891739431,45.593506,-6.456547,2.1738489,DATA
1582891739435,44.78897,-8.619869,2.2833407,DATA
1582891739455,44.66913,-7.459056,2.2038264,DATA
1582891739474,44.619934,-6.960692,2.3843715,DATA
1582891739499,44.88626,-6.8699756,1.8181479,DATA
1582891739515,44.78528,-7.7286034,2.040846,DATA
1582891739535,44.193237,-9.495779,1.9636258,DATA
1582891739559,44.25244,-7.7445536,2.0475338,DATA
1582891739578,44.47336,-6.7280784,1.8634088,DATA
1582891739601,44.54602,-8.428017,1.4113595,DATA
1582891739652,44.18274,-9.077571,1.7164359,DATA
1582891739652,43.836853,-8.604899,1.9769744,DATA
1582891739657,44.0791,-7.18695,1.6489706,DATA
1582891739676,44.158905,-7.630905,1.5129817,DATA
1582891739696,43.202393,-9.9658575,1.8594238,DATA
1582891739720,43.027527,-8.096878,1.7500263,DATA
1582891739737,43.992615,-4.0394177,1.0617452,DATA
1582891739757,44.34482,-4.9082704,1.0045655,DATA
1582891739779,43.608154,-8.185187,1.424111,DATA
1582891739800,43.360992,-7.2234306,1.3380635,DATA
1582891739846,43.40677,-6.007458,1.2034374,DATA
1582891739846,43.405823,-5.9892626,1.3218355,DATA
1582891739858,43.520264,-4.9943557,0.9460595,DATA
1582891739878,43.378204,-5.974654,1.0022728,DATA
1582891739898,43.503784,-5.4611034,0.8533096,DATA
1582891739918,43.772156,-3.8923416,0.8041198,DATA
1582891739938,43.118774,-6.7020793,0.9123915,DATA
1582891739959,42.6864,-7.157423,0.8761526,DATA
1582891739979,43.109985,-4.3725495,0.50957954,DATA
1582891740004,43.66162,-3.8307343,0.078577295,DATA
1582891740036,43.53302,-5.991383,0.3208716,DATA
1582891740040,43.055298,-7.789496,0.30190322,DATA
1582891740065,42.3844,-8.365676,0.5288885,DATA
1582891740080,42.405975,-7.699773,0.07410416,DATA
1582891740100,42.857635,-7.1372824,-0.55847585,DATA
1582891740120,42.871277,-7.4692216,-0.35673562,DATA
1582891740141,43.069336,-8.05988,-0.8016953,DATA
1582891740171,42.935394,-8.978454,-1.0408045,DATA
1582891740182,42.592133,-8.999427,-0.6604423,DATA
1582891740202,42.806274,-8.376243,-1.2496687,DATA
1582891740233,43.11435,-7.9989376,-1.6372141,DATA
1582891740246,43.192932,-8.255852,-1.6417974,DATA
1582891740262,43.232788,-8.617171,-1.9309428,DATA
1582891740284,43.37271,-7.9007087,-1.9820462,DATA
1582891740303,43.4364,-7.876949,-2.0261667,DATA
1582891740323,43.479218,-8.404231,-2.3457003,DATA
1582891740345,43.710175,-7.401406,-2.5866117,DATA
1582891740364,43.74463,-7.8461175,-2.4436197,DATA
1582891740383,44.218567,-6.5578027,-3.0029275,DATA
1582891740405,44.03363,-7.490287,-2.627244,DATA
1582891740434,44.036316,-7.6800714,-2.9489534,DATA
1582891740444,44.44391,-6.0226912,-3.2020626,DATA
1582891740467,44.855072,-5.9689245,-3.3343952,DATA
1582891740485,44.70572,-7.0649962,-3.124285,DATA
1582891740506,44.31427,-7.9528537,-3.0628014,DATA
1582891740527,44.69037,-6.376025,-3.4761875,DATA
1582891740546,45.171326,-5.361835,-3.6117446,DATA
1582891740568,45.329865,-7.0109015,-3.6710713,DATA
1582891740589,45.10962,-7.546285,-3.462668,DATA
1582891740611,44.729614,-8.540228,-3.5138094,DATA
1582891740636,45.06259,-6.703517,-3.7644768,DATA
1582891740646,45.517456,-5.2994566,-3.9073668,DATA
1582891740666,45.51581,-7.74879,-3.9882264,DATA
1582891740688,45.43048,-8.057235,-4.1033545,DATA
1582891740708,45.55951,-7.0621467,-3.8378441,DATA
1582891740727,45.921204,-6.4537716,-4.0124063,DATA
1582891740746,45.835815,-7.606118,-4.2491283,DATA
1582891740767,45.795776,-7.7019696,-4.0919156,DATA
1582891740786,46.4393,-4.8572598,-4.411925,DATA
1582891740808,46.886353,-5.530487,-4.4552126,DATA
1582891740828,46.367493,-7.8998003,-3.9416523,DATA
1582891740848,46.3844,-7.190421,-4.249283,DATA
1582891740872,46.942932,-5.4856377,-4.4757314,DATA
1582891740887,46.933502,-6.652049,-4.2716007,DATA
1582891740908,46.773468,-7.0594907,-4.0566297,DATA
1582891740927,47.11685,-5.5159607,-4.2647486,DATA
1582891740948,47.33188,-6.356675,-4.2779937,DATA
1582891740968,47.37549,-6.915524,-4.452964,DATA
1582891740992,47.161255,-6.7049384,-3.749787,DATA
1582891741011,47.424194,-6.39994,-4.097098,DATA
1582891741038,47.74048,-7.1591268,-4.5079536,DATA
1582891741050,47.650146,-6.66917,-3.7602043,DATA
1582891741071,47.702545,-7.165889,-4.2153606,DATA
1582891741090,48.048126,-7.4024286,-4.479703,DATA
1582891741110,48.506653,-5.412188,-4.096819,DATA
1582891741132,48.425873,-6.8843446,-3.920436,DATA
1582891741150,48.553375,-8.080603,-4.2953672,DATA
1582891741185,48.680634,-7.408324,-3.9372566,DATA
1582891741191,48.720917,-7.730427,-3.8067765,DATA
1582891741218,48.10724,-9.300728,-3.4788651,DATA
1582891741261,48.565002,-7.653827,-3.9345095,DATA
1582891741265,49.342804,-5.4414105,-3.935071,DATA
1582891741277,49.535004,-7.075746,-3.8318942,DATA
1582891741292,49.35721,-8.418131,-3.617429,DATA
1582891741312,49.130737,-8.015966,-3.1566305,DATA
1582891741332,49.610626,-6.6295023,-3.3462837,DATA
1582891741352,49.87677,-6.1828027,-3.0717897,DATA
1582891741374,49.72885,-7.8010426,-2.8442857,DATA
1582891741392,49.638336,-8.054083,-2.7334657,DATA
1582891741417,49.76233,-7.216375,-2.4197526,DATA
1582891741457,49.75717,-7.3505726,-2.4071977,DATA
1582891741457,49.332367,-8.495657,-1.8361086,DATA
1582891741474,49.568634,-7.3304434,-2.0658135,DATA
1582891741494,50.019592,-5.852842,-1.9300585,DATA
1582891741515,49.579376,-8.150545,-1.2462602,DATA
1582891741537,48.8891,-9.413095,-1.055691,DATA
1582891741568,49.1821,-7.3077664,-1.2704706,DATA
1582891741575,49.486267,-6.9599867,-1.146575,DATA
1582891741595,49.48419,-7.521566,-0.8817783,DATA
1582891741615,48.78766,-9.140788,-0.49230772,DATA
1582891741649,48.240356,-9.027538,0.038070623,DATA
1582891741656,48.622345,-6.4677224,-0.21840866,DATA
1582891741676,49.062683,-6.2836413,-0.51001036,DATA
1582891741697,48.53241,-8.798353,-0.09448653,DATA
1582891741717,47.838806,-9.240939,0.36468014,DATA
1582891741737,48.22467,-5.733062,0.30006802,DATA
1582891741758,48.71634,-4.6656866,0.15139538,DATA
1582891741777,48.20273,-8.385746,0.28132042,DATA
1582891741796,47.47467,-8.97682,0.66042185,DATA
1582891741816,47.722504,-6.172556,0.52342814,DATA
1582891741839,48.28192,-5.3940563,0.12341224,DATA
1582891741860,47.935425,-7.2490845,0.66611433,DATA
1582891741878,47.262268,-8.3903,0.74658495,DATA
1582891741900,47.518005,-6.766702,0.2517033,DATA
1582891741919,47.814697,-5.6451592,0.40212387,DATA
1582891741939,47.884583,-5.870335,0.51917684,DATA
1582891741960,47.716644,-6.59513,0.5137184,DATA
1582891741980,47.584198,-7.102189,0.42846137,DATA
1582891741999,47.733887,-6.396071,0.35266072,DATA
1582891742021,47.714355,-6.4559903,0.44172296,DATA
1582891742048,47.379578,-7.369493,0.47612262,DATA
1582891742058,47.550293,-6.9711795,0.040415727,DATA
1582891742082,47.900635,-5.8534393,0.09533071,DATA
1582891742100,48.115906,-5.4135695,0.03277424,DATA
1582891742123,47.802246,-7.0828958,0.13701841,DATA
1582891742143,47.656006,-7.062041,0.049005542,DATA
1582891742163,47.7948,-5.9407167,0.001736789,DATA
1582891742190,47.803497,-5.933101,0.091988176,DATA
1582891742201,48.016174,-5.5751905,-0.1614945,DATA
1582891742225,47.991486,-6.078509,-0.22995387,DATA
1582891742253,48.258606,-4.935835,-0.2262013,DATA
1582891742261,48.41794,-4.375864,-0.12167618,DATA
1582891742281,47.935577,-6.2353992,0.031215034,DATA
1582891742301,47.51935,-6.6956844,-0.14606608,DATA
1582891742321,48.09424,-3.4814384,-0.36633033,DATA
1582891742345,48.878723,-1.3175328,-0.58143765,DATA
1582891742364,49.153717,-2.4165797,-0.3769458,DATA
1582891742383,48.85199,-4.209811,-0.19809702,DATA
1582891742405,48.254883,-6.650527,0.027915198,DATA
1582891742430,47.140533,-7.495926,0.037355375,DATA
1582891742443,46.983704,-5.728297,0.28748944,DATA
1582891742480,48.280304,-1.2068309,-0.6902216,DATA
1582891742484,49.12146,-0.29262638,-0.7494357,DATA
1582891742503,48.848877,-3.99376,-0.4152771,DATA
1582891742526,47.810303,-6.4217725,0.24189678,DATA
1582891742544,47.944458,-4.5533133,-0.16025096,DATA
1582891742567,48.365723,-3.4776368,-0.2915381,DATA
1582891742586,48.346405,-4.739219,-0.2820281,DATA
1582891742606,47.635498,-6.284751,-0.2205862,DATA
1582891742631,47.31372,-5.7052145,-0.21167468,DATA
1582891742674,48.419067,-1.3299361,-0.5866047,DATA
1582891742674,49.338318,-0.16033153,-0.990253,DATA
1582891742689,48.6593,-5.1976566,-0.48514998,DATA
1582891742708,47.60919,-6.833076,-0.10343366,DATA
1582891742726,48.03253,-3.780578,-0.77876204,DATA
1582891742745,48.616333,-2.1501927,-0.6751286,DATA
1582891742766,48.837036,-2.546816,-0.46500883,DATA
1582891742787,48.7052,-3.888156,-0.54978985,DATA
1582891742812,48.666504,-4.6546397,-0.64052963,DATA
1582891742829,48.732025,-3.6233299,-0.5600036,DATA
1582891742877,48.81128,-3.338993,-0.4711872,DATA
1582891742878,48.54471,-4.5988503,-0.3495928,DATA
1582891742887,48.355865,-4.8227315,-0.47252178,DATA
1582891742907,48.45099,-4.1319146,-0.5405087,DATA
1582891742928,48.33551,-4.89782,-0.47622278,DATA
1582891742948,47.99893,-5.5150075,-0.33211714,DATA
1582891742968,47.871277,-5.4902782,-0.3326945,DATA
1582891742989,48.158783,-5.241189,-0.6847849,DATA
1582891743008,48.4317,-5.0013103,-0.7738244,DATA
1582891743033,48.379486,-5.364495,-0.48377377,DATA
1582891743070,48.25244,-6.205552,-0.7398624,DATA
1582891743072,48.41873,-5.2718062,-0.65381604,DATA
1582891743090,48.764618,-4.00774,-0.64403075,DATA
1582891743111,48.81534,-5.6871705,-0.80617857,DATA
1582891743131,48.007965,-7.850319,-0.38230452,DATA
1582891743150,47.837067,-6.739135,-0.5241524,DATA
1582891743170,48.44052,-4.829289,-0.682424,DATA
1582891743195,48.921753,-4.5087852,-0.8842718,DATA
1582891743210,48.839417,-6.325303,-0.6568549,DATA
1582891743234,48.212097,-7.59999,-0.382995,DATA
1582891743267,47.979736,-6.9833484,-0.32711384,DATA
1582891743270,48.323456,-5.3139677,-0.3759905,DATA
1582891743291,48.491943,-5.4771767,-0.36798763,DATA
1582891743311,48.386383,-6.4619775,-0.25447255,DATA
1582891743333,48.065887,-6.8959026,-0.09439688,DATA
1582891743351,47.513,-7.5937405,0.06342494,DATA
1582891743373,47.961426,-4.781176,-0.014319707,DATA
1582891743393,48.53058,-2.6244261,-0.044617895,DATA
1582891743412,48.35327,-5.608618,0.13292009,DATA
1582891743441,47.6485,-7.7269,0.22952187,DATA
1582891743484,47.318542,-6.3759336,0.5910812,DATA
1582891743484,47.58606,-4.662209,0.53173625,DATA
1582891743493,47.893158,-4.547472,0.40481526,DATA
1582891743524,47.621643,-6.201576,0.6856203,DATA
1582891743534,47.2041,-6.792545,0.81029046,DATA
1582891743553,47.288788,-5.649443,0.8463422,DATA
1582891743573,47.175842,-5.6984653,1.0910755,DATA
1582891743594,46.98871,-6.4396014,1.0865436,DATA
1582891743617,46.684204,-6.52714,1.2739313,DATA
1582891743639,46.039307,-7.105282,1.6581575,DATA
1582891743681,46.295074,-5.4920816,1.2040809,DATA
1582891743681,46.637848,-4.3977146,1.2674799,DATA
1582891743696,46.52472,-5.845058,1.3127747,DATA
1582891743717,45.908844,-7.0199957,1.6933278,DATA
1582891743736,45.714905,-6.230511,1.7440878,DATA
1582891743756,45.78952,-5.556567,1.652697,DATA
1582891743777,45.69165,-5.999747,1.6839215,DATA
1582891743796,45.507904,-6.173739,1.7921195,DATA
1582891743820,45.0625,-6.997154,1.8880982,DATA
1582891743836,44.84854,-6.659894,1.9052314,DATA
1582891743873,44.73578,-6.2019725,2.0714235,DATA
1582891743880,44.724518,-6.1322956,1.8117188,DATA
1582891743897,44.486633,-6.3964195,1.954195,DATA
1582891743917,44.326202,-6.2219043,1.9648838,DATA
1582891743943,44.06671,-6.6001368,1.8770602,DATA
1582891743958,43.720123,-6.4825974,2.0320091,DATA
1582891743978,43.83609,-4.8009043,1.9674731,DATA
1582891743997,43.942688,-5.069824,1.6800016,DATA
1582891744018,43.795563,-5.7916174,1.5925963,DATA
1582891744039,43.487244,-5.4333444,1.9598788,DATA
1582891744065,43.568512,-4.576283,1.7096364,DATA
1582891744081,43.61206,-4.5368743,1.6824343,DATA
1582891744099,43.653442,-4.519782,1.5251137,DATA
1582891744120,43.301636,-5.793502,1.538874,DATA
1582891744140,42.764282,-6.3744245,1.6500505,DATA
1582891744160,42.77423,-5.243506,1.4348893,DATA
1582891744180,43.001373,-4.4573483,1.3714185,DATA
1582891744208,43.279114,-3.968935,1.0756935,DATA
1582891744220,42.718597,-6.5103273,1.1839619,DATA
1582891744243,42.07666,-7.2092376,1.2850355,DATA
1582891744263,42.46933,-4.0013866,0.9457972,DATA
1582891744286,42.889038,-3.1960623,0.7467752,DATA
1582891744300,42.671112,-5.9084744,0.64649796,DATA
1582891744320,42.506653,-6.357113,0.61552674,DATA
1582891744345,42.518005,-5.4611177,0.60951465,DATA
1582891744363,42.50052,-5.8906775,0.4117361,DATA
1582891744381,41.996826,-7.234971,0.55306345,DATA
1582891744404,42.22043,-5.5425367,0.06238333,DATA
1582891744423,42.18567,-5.449152,0.18289016,DATA
1582891744446,41.97867,-6.692359,0.08245812,DATA
1582891744481,42.18457,-5.4095244,-0.10113509,DATA
1582891744489,42.402527,-4.538618,-0.1402966,DATA
1582891744503,41.966034,-6.891794,0.020561216,DATA
1582891744526,41.933136,-6.5115714,-0.3194434,DATA
1582891744542,42.17935,-5.2571435,-0.38826168,DATA
1582891744564,42.03824,-6.302939,-0.10998597,DATA
1582891744590,42.20282,-5.632548,-0.4578262,DATA
1582891744605,42.3786,-5.3917537,-0.6330181,DATA
1582891744626,42.054077,-6.7615747,-0.41111156,DATA
1582891744649,41.926544,-6.417297,-0.5465899,DATA
1582891744685,41.999573,-5.860734,-0.5368428,DATA
1582891744685,42.04947,-5.730638,-0.5842584,DATA
1582891744704,42.01065,-6.114192,-0.68648607,DATA
1582891744725,42.06122,-6.078633,-0.7847435,DATA
1582891744745,42.08664,-5.72557,-0.75221133,DATA
1582891744768,41.768433,-7.0986533,-0.78107333,DATA
1582891744786,41.763855,-6.377616,-0.83406705,DATA
1582891744807,42.01938,-4.9815335,-0.95845354,DATA
1582891744829,41.96405,-6.916859,-1.1802754,DATA
1582891744852,41.738983,-7.3406987,-1.0592263,DATA
1582891744897,41.80371,-6.216072,-1.0836309,DATA
1582891744897,42.00522,-6.324153,-1.3538957,DATA
1582891744909,41.936157,-6.873547,-1.3152368,DATA
1582891744926,41.432434,-7.8228803,-1.1344498,DATA
1582891744947,41.43811,-6.919313,-1.3711632,DATA
1582891744966,41.96756,-5.349417,-1.6470209,DATA
1582891744991,42.417145,-5.029777,-1.831631,DATA
1582891745012,42.378235,-6.101276,-1.6345884,DATA
1582891745028,41.899323,-7.715735,-1.6388988,DATA
1582891745056,41.92865,-6.700105,-1.7346479,DATA
1582891745094,42.368134,-4.5904183,-1.7995529,DATA
1582891745096,42.553528,-5.376648,-1.9004055,DATA
1582891745108,42.186066,-7.3001866,-1.8805434,DATA
1582891745129,42.110626,-6.5124607,-1.6948049,DATA
1582891745148,42.416504,-5.1974897,-1.769983,DATA
1582891745170,42.576538,-5.8664517,-1.976451,DATA
1582891745189,42.177887,-7.374272,-1.661221,DATA
1582891745223,41.746887,-7.5849285,-1.5194471,DATA
1582891745230,42.07309,-6.1974545,-2.0068448,DATA
1582891745253,42.352997,-5.9646115,-1.9334285,DATA
1582891745296,42.394806,-6.3320885,-1.9190968,DATA
1582891745296,42.02826,-7.5371556,-1.7530891,DATA
1582891745311,41.939514,-7.334088,-1.93078,DATA
1582891745332,42.008667,-6.662257,-1.6543359,DATA
1582891745354,42.07724,-6.4990296,-1.9652507,DATA
1582891745372,41.75421,-8.026188,-1.8574591,DATA
1582891745392,41.56543,-7.9565883,-1.8353895,DATA
1582891745413,41.71765,-7.1135364,-1.9928107,DATA
1582891745431,42.126648,-6.4569645,-2.369652,DATA
1582891745456,42.223755,-7.16504,-2.319546,DATA
1582891745491,42.00528,-8.0320835,-2.341055,DATA
1582891745492,42.0838,-7.3004375,-2.3769495,DATA
1582891745514,42.05298,-7.1136694,-2.2579772,DATA
1582891745533,42.142,-7.3854527,-2.485083,DATA
1582891745552,42.19452,-7.048479,-2.5451727,DATA
1582891745576,42.000244,-7.975873,-2.526788,DATA
1582891745593,42.12863,-7.3140182,-2.7091844,DATA
1582891745615,42.359497,-6.5613923,-2.782694,DATA
1582891745634,42.38788,-7.375449,-2.8286211,DATA
1582891745655,42.575623,-6.9999757,-3.132015,DATA
1582891745686,42.521667,-7.3910418,-2.990032,DATA
1582891745695,42.5325,-7.238695,-3.0689197,DATA
1582891745715,42.51532,-7.328967,-3.037434,DATA
1582891745738,42.555695,-7.2516837,-3.2306461,DATA
1582891745756,42.567383,-7.2652006,-3.34685,DATA
1582891745779,42.54724,-7.5028934,-3.3397386,DATA
1582891745796,42.898804,-6.2598033,-3.624,DATA
1582891745818,43.200134,-5.858126,-3.6757765,DATA
1582891745835,43.162964,-7.2155886,-3.6666389,DATA
1582891745857,42.824707,-8.044843,-3.6954243,DATA
1582891745886,42.9646,-7.0940557,-3.8313797,DATA
1582891745896,43.429016,-5.733949,-4.035193,DATA
1582891745919,43.527008,-6.53149,-3.9875815,DATA
1582891745936,43.1521,-7.9618125,-3.961961,DATA
1582891745957,43.36209,-6.8690166,-4.1891956,DATA
1582891745979,43.97168,-4.882062,-4.430521,DATA
1582891745998,43.97116,-6.342093,-4.3050365,DATA
1582891746019,43.316864,-8.402923,-4.159552,DATA
1582891746037,43.53235,-6.6450295,-4.462039,DATA
1582891746060,44.337677,-3.9884224,-4.7510004,DATA
1582891746077,44.609375,-5.0296845,-4.692479,DATA
1582891746099,44.368774,-7.2820487,-4.5178633,DATA
1582891746118,44.187378,-7.2831187,-4.508645,DATA
1582891746142,44.430237,-6.6563835,-4.7334585,DATA
1582891746159,44.761597,-5.8253236,-4.729493,DATA
1582891746180,44.819,-6.4558716,-4.7607865,DATA
1582891746202,44.644897,-8.094339,-4.9246225,DATA
1582891746231,44.654053,-7.482259,-4.8226776,DATA
1582891746240,44.987976,-6.587589,-4.8229117,DATA
1582891746262,45.30725,-6.8413606,-5.1412444,DATA
1582891746306,45.164062,-8.375404,-5.163496,DATA
1582891746309,45.246735,-7.4479637,-5.055658,DATA
1582891746328,45.559265,-6.2633443,-5.0364966,DATA
1582891746344,45.679718,-7.43543,-5.1230826,DATA
1582891746360,45.60202,-7.86698,-5.109017,DATA
1582891746381,45.43756,-8.195326,-5.042816,DATA
1582891746401,45.890472,-6.908604,-5.4305453,DATA
1582891746423,46.248627,-6.490457,-5.3173184,DATA
1582891746442,46.295746,-7.245054,-5.244714,DATA
1582891746466,46.46292,-7.220153,-5.3473735,DATA
1582891746506,46.789825,-6.6199007,-5.4599643,DATA
1582891746506,47.07849,-6.2031293,-5.3417087,DATA
1582891746524,47.16684,-6.303609,-5.1465516,DATA
1582891746544,47.4534,-6.5555816,-5.4169273,DATA
1582891746563,47.5632,-6.7780037,-5.234606,DATA
1582891746584,47.946747,-5.691851,-5.2385006,DATA
1582891746603,48.26172,-5.923614,-5.2421775,DATA
1582891746625,47.880096,-7.900812,-5.179325,DATA
1582891746645,47.766357,-7.153021,-4.962518,DATA
1582891746665,48.54065,-4.0140967,-5.0403204,DATA
1582891746699,49.367126,-3.8800278,-5.494646,DATA
1582891746704,49.173523,-6.862884,-5.232859,DATA
1582891746724,48.94046,-6.3132124,-4.3950043,DATA
1582891746748,49.004272,-5.786751,-4.660704,DATA
1582891746765,48.98349,-6.8623605,-4.6042705,DATA
1582891746786,49.06552,-5.70769,-4.313149,DATA
1582891746805,49.460663,-5.184731,-4.4073896,DATA
1582891746825,49.872192,-5.398805,-4.4567714,DATA
1582891746845,49.943542,-6.0031333,-4.1188793,DATA
1582891746867,49.58206,-6.7584376,-3.6629856,DATA
1582891746901,49.715088,-6.0360575,-3.8156574,DATA
1582891746905,49.624084,-6.7444954,-3.8693862,DATA
1582891746926,49.743927,-6.0414248,-3.5704513,DATA
1582891746950,50.144897,-3.7987962,-3.3483005,DATA
1582891746967,50.568787,-4.6915283,-3.6079564,DATA
1582891746987,50.36673,-6.556979,-3.2415526,DATA
1582891747009,50.137024,-6.2576513,-2.8947153,DATA
1582891747029,49.896973,-6.4819827,-2.8234801,DATA
1582891747048,49.714844,-6.3640575,-2.5008628,DATA
1582891747072,50.213257,-4.456636,-2.7270734,DATA
1582891747105,50.711884,-3.8883145,-2.8153856,DATA
1582891747108,50.266724,-6.452656,-2.2667959,DATA
1582891747127,49.802612,-7.158011,-2.1455395,DATA
1582891747148,49.83441,-5.540206,-1.9496273,DATA
1582891747168,50.09381,-4.915837,-2.1228533,DATA
1582891747188,49.842957,-6.8553305,-1.9310935,DATA
1582891747210,49.575714,-6.7669187,-1.8914788,DATA
1582891747231,49.65857,-5.8312097,-1.7092444,DATA
1582891747252,50.00641,-5.22173,-1.9320115,DATA
1582891747271,50.063873,-5.65621,-1.913716,DATA
1582891747326,49.9292,-5.899618,-1.5879948,DATA
1582891747326,49.46588,-6.7250404,-1.5690689,DATA
1582891747331,49.8071,-5.121663,-1.7708589,DATA
1582891747351,50.162018,-3.37116,-1.5494655,DATA
1582891747370,50.290894,-4.5537724,-1.6816022,DATA
1582891747390,50.156494,-5.4525914,-1.6998217,DATA
1582891747410,49.94348,-5.457907,-1.442351,DATA
1582891747434,50.500275,-3.2414122,-1.7324433,DATA
1582891747454,50.674957,-3.4140966,-1.5552652,DATA
1582891747479,50.22296,-5.6158648,-1.3446654,DATA
1582891747517,50.557312,-3.9355273,-1.6279434,DATA
1582891747517,50.846222,-2.9621866,-1.44218,DATA
1582891747532,51.05188,-4.3330383,-1.4865959,DATA
1582891747552,51.07312,-4.4168444,-1.4537882,DATA
1582891747572,50.98227,-4.705019,-1.3831304,DATA
1582891747592,50.717834,-5.5049295,-1.1770194,DATA
1582891747614,50.610107,-5.0798593,-1.1531296,DATA
1582891747632,50.916412,-4.7062917,-1.2724739,DATA
1582891747656,51.215027,-4.2668104,-1.2727224,DATA
1582891747676,51.508392,-4.584135,-1.4292551,DATA
1582891747693,51.615967,-5.221938,-1.2859935,DATA
1582891747735,51.5307,-5.098649,-0.8736386,DATA
1582891747735,50.966095,-6.596334,-0.7850632,DATA
1582891747756,50.882416,-6.263414,-0.78126156,DATA
1582891747777,51.30957,-4.3343353,-0.7923859,DATA
1582891747794,51.586945,-4.7135844,-0.8695559,DATA
1582891747815,51.67804,-5.82731,-0.88008,DATA
1582891747835,51.42102,-6.229317,-0.46404,DATA
1582891747855,51.345062,-5.7128043,-0.28337672,DATA
1582891747876,51.67325,-4.85649,-0.44687682,DATA
1582891747903,51.626434,-5.606873,-0.36716065,DATA
1582891747916,51.39746,-5.9423666,-0.036871072,DATA
1582891747936,51.425262,-5.1630588,0.0011946427,DATA
1582891747956,51.29123,-5.475396,0.3098774,DATA
1582891747981,51.239563,-5.428893,0.35885644,DATA
1582891747997,51.159393,-5.291098,0.4452705,DATA
1582891748017,50.973633,-5.5816355,0.6905642,DATA
1582891748037,51.062927,-4.6365914,0.69567794,DATA
1582891748059,51.27118,-4.313804,0.7204571,DATA
1582891748077,51.223175,-4.7493377,0.9764097,DATA
1582891748097,50.921356,-5.227581,1.2558346,DATA
1582891748117,50.714966,-5.3101482,1.3683907,DATA
1582891748137,50.842407,-4.9043283,1.272554,DATA
1582891748158,50.67987,-5.2667127,1.5941464,DATA
1582891748177,50.723724,-5.048298,1.5592326,DATA
1582891748202,51.028046,-3.8616147,1.6365983,DATA
1582891748221,50.971558,-4.510019,1.8777176,DATA
1582891748249,50.51053,-5.731173,2.121378,DATA
1582891748261,50.51001,-5.1293826,2.2164223,DATA
1582891748283,50.616425,-4.3851233,2.400416,DATA
1582891748329,50.746643,-4.4822097,2.3631287,DATA
1582891748330,50.617035,-5.1764517,2.6267052,DATA
1582891748340,50.473755,-5.0120983,2.9146469,DATA
1582891748360,50.36795,-4.910613,3.0288339,DATA
1582891748380,50.083588,-5.5619855,3.1783168,DATA
1582891748400,49.93744,-5.2673187,3.4258318,DATA
1582891748422,49.852295,-4.678157,3.7757764,DATA
1582891748443,50.01474,-4.1942587,3.7487302,DATA
1582891748462,49.810547,-5.097132,3.9445972,DATA
1582891748489,49.753235,-4.41404,4.152796,DATA
1582891748533,49.75345,-3.615217,4.557579,DATA
1582891748533,49.423553,-4.6174088,4.762366,DATA
1582891748547,48.732117,-5.7557178,5.082131,DATA
1582891748562,48.428497,-4.502252,5.4919868,DATA
1582891748582,48.756042,-2.5302818,5.4756355,DATA
1582891748602,48.69632,-3.1901746,5.710226,DATA
1582891748624,47.952362,-4.9828873,6.3177395,DATA
1582891748643,47.37491,-5.034444,6.5401063,DATA
1582891748667,47.10263,-4.057507,6.9185,DATA
1582891748689,46.90811,-3.5198574,7.1369085,DATA
1582891748733,46.583588,-3.537838,7.468719,DATA
1582891748733,46.270508,-3.5066392,7.75338,DATA
1582891748744,45.602356,-4.2739053,8.162866,DATA
1582891748765,44.78241,-4.2718143,8.671996,DATA
1582891748785,44.70923,-2.1760893,8.846108,DATA
1582891748804,44.865692,-1.2033906,8.825905,DATA
1582891748824,44.363342,-2.9282215,9.187138,DATA
1582891748844,43.269714,-4.016004,9.895349,DATA
1582891748864,42.50937,-3.4936333,10.175582,DATA
1582891748889,42.05301,-3.1591854,10.278761,DATA
1582891748925,41.33362,-2.474853,10.794351,DATA
1582891748925,40.91974,-1.4482688,10.926692,DATA
1582891748946,40.405945,-1.7768095,11.061626,DATA
1582891748966,39.471527,-2.6346936,11.537777,DATA
1582891748986,38.646393,-2.1407359,11.882567,DATA
1582891749015,37.960815,-1.4754776,12.174029,DATA
1582891749027,37.25531,-1.5469352,12.357507,DATA
1582891749048,36.580963,-1.2300237,12.586854,DATA
1582891749066,35.91028,-0.9679954,12.727648,DATA
1582891749089,35.178345,-0.79464865,12.907724,DATA
1582891749118,34.454742,-0.42879003,13.13385,DATA
1582891749128,33.747772,-0.09154916,13.28153,DATA
1582891749149,33.1203,0.5065293,13.3606615,DATA
1582891749168,32.71341,0.9507158,13.282383,DATA
1582891749190,31.918823,0.5011221,13.454808,DATA
1582891749209,30.83551,-0.3682994,13.678969,DATA
1582891749228,29.889648,0.08826635,13.8075285,DATA
1582891749254,29.504333,1.1959437,13.567269,DATA
1582891749268,29.03009,1.7075365,13.520326,DATA
1582891749292,28.233124,0.66549456,13.600396,DATA
1582891749317,27.199371,-0.41881216,13.727358,DATA
1582891749329,26.542664,0.4139863,13.621487,DATA
1582891749351,26.243347,1.9179026,13.432014,DATA
1582891749370,25.794006,1.4160292,13.2781725,DATA
1582891749392,24.823364,-0.41539463,13.400654,DATA
1582891749411,23.974365,-0.114776075,13.471396,DATA
1582891749431,23.749756,1.4099014,13.120897,DATA
1582891749452,23.36322,1.1278807,12.941418,DATA
1582891749470,22.769165,-0.24881114,12.85311,DATA
1582891749492,22.27179,-0.33536816,12.768336,DATA
1582891749516,21.857056,-0.4069187,12.53946,DATA
1582891749535,21.281189,-0.71784306,12.552151,DATA
1582891749552,20.897003,-0.50665575,12.365005,DATA
1582891749572,20.75589,-0.13038939,11.938143,DATA
1582891749594,20.696045,0.14298081,11.652683,DATA
1582891749614,20.45935,-0.091512695,11.518879,DATA
1582891749637,20.224396,-0.5410988,11.272322,DATA
1582891749654,19.729614,-1.017706,11.292068,DATA
1582891749673,19.446045,-0.9984314,11.033332,DATA
1582891749695,18.98169,-1.0017191,11.029868,DATA
1582891749717,18.690308,-0.39550954,10.8300295,DATA
1582891749734,18.32663,-0.27327055,10.716879,DATA
1582891749753,18.142365,-0.51084167,10.342705,DATA
1582891749776,17.863861,-0.14248289,10.35937,DATA
1582891749795,17.475922,-0.15237074,10.343106,DATA
1582891749814,17.12976,-0.56486917,10.234516,DATA
1582891749836,16.811157,-0.6401125,10.23642,DATA
1582891749856,16.512177,-0.77824396,10.169106,DATA
1582891749878,16.191467,-1.2947485,10.140413,DATA
1582891749898,15.640411,-2.0741146,10.258171,DATA
1582891749946,15.336578,-1.4523937,10.120557,DATA
1582891749946,15.2091675,-0.46479064,9.968919,DATA
1582891749955,14.846649,-1.1155949,9.970798,DATA
1582891749977,14.335968,-2.640924,9.997172,DATA
1582891749995,13.920624,-2.1564827,10.059681,DATA
1582891750021,13.577332,-1.2900437,10.129343,DATA
1582891750035,13.15863,-2.2717419,10.087404,DATA
1582891750058,12.6197815,-2.6606083,10.2410965,DATA
1582891750079,12.174011,-1.9057698,10.3566065,DATA
1582891750100,11.831177,-1.8400784,10.249952,DATA
1582891750141,11.385315,-2.6506808,10.333126,DATA
1582891750141,10.911591,-3.1359923,10.49193,DATA
1582891750157,10.11438,-2.9099367,10.879804,DATA
1582891750178,9.794373,-1.4903563,10.753683,DATA
1582891750197,9.520813,-0.85267574,10.636664,DATA
1582891750220,9.006256,-2.2244463,10.784997,DATA
1582891750237,8.291809,-2.7139785,11.036099,DATA
1582891750273,7.695923,-2.3853502,11.162297,DATA
1582891750277,7.110138,-1.6976773,11.183276,DATA
1582891750307,6.628174,-1.1443036,11.269753,DATA
1582891750346,6.0537415,-1.4956572,11.327761,DATA
1582891750346,5.3417664,-2.361333,11.554853,DATA
1582891750363,4.783142,-2.2050962,11.574874,DATA
1582891750380,4.0101013,-1.8073304,11.859523,DATA
1582891750400,3.2713013,-1.9683737,12.020311,DATA
1582891750421,2.5239563,-2.4381611,12.056679,DATA
1582891750440,1.9986267,-2.0839236,12.045893,DATA
1582891750461,1.3639832,-1.940939,12.147747,DATA
1582891750480,0.6100464,-2.618015,12.372792,DATA
1582891750503,359.97693,-2.8111243,12.384111,DATA
1582891750537,359.38882,-2.4693322,12.288049,DATA
1582891750546,358.89423,-2.263586,12.271822,DATA
1582891750561,358.24454,-3.1281903,12.373674,DATA
1582891750581,357.5082,-4.321371,12.609689,DATA
1582891750604,356.73453,-3.8124063,12.489105,DATA
1582891750623,356.19586,-3.0176637,12.464252,DATA
1582891750645,355.42728,-3.534189,12.478059,DATA
1582891750665,354.79514,-4.0887527,12.469906,DATA
1582891750683,354.18744,-3.621698,12.337466,DATA
1582891750705,353.67487,-3.346169,12.023696,DATA
1582891750736,353.04358,-4.1256495,12.04173,DATA
1582891750743,352.65576,-4.775494,11.700269,DATA
1582891750762,351.95627,-5.49882,11.939088,DATA
1582891750784,350.8186,-4.9655943,12.358166,DATA
1582891750803,350.2323,-3.280856,11.893973,DATA
1582891750824,349.97092,-3.848208,11.406761,DATA
1582891750844,349.6819,-5.058436,11.041429,DATA
1582891750865,348.9849,-5.265798,11.277317,DATA
1582891750884,348.51187,-4.559611,10.969365,DATA
1582891750906,347.67682,-4.688891,11.058467,DATA
1582891750935,347.05957,-5.1733503,10.978573,DATA
1582891750944,346.29327,-5.4347115,10.87224,DATA
1582891750964,345.51968,-5.9232435,10.997918,DATA
1582891750985,344.65125,-5.8313556,10.902172,DATA
1582891751004,343.9932,-5.86241,10.7300825,DATA
1582891751029,343.42896,-5.717816,10.539413,DATA
1582891751045,342.71442,-5.762976,10.430147,DATA
1582891751069,342.15918,-6.7030063,10.32007,DATA
1582891751087,341.4397,-6.559456,10.264441,DATA
1582891751110,340.774,-6.1014056,10.169018,DATA
1582891751149,340.18036,-6.031458,9.872148,DATA
1582891751149,339.63794,-6.3261466,9.577215,DATA
1582891751168,339.23334,-6.7048063,9.358204,DATA
1582891751186,338.6813,-7.3515825,9.290487,DATA
1582891751209,337.88824,-7.2206883,9.350586,DATA
1582891751227,337.40427,-5.534508,8.811657,DATA
1582891751249,336.94562,-6.3586774,8.5309925,DATA
1582891751268,336.32324,-7.6426163,8.478699,DATA
1582891751288,335.8323,-7.17567,8.27244,DATA
1582891751317,335.3604,-7.0398993,7.969605,DATA
1582891751333,334.68805,-7.267158,7.852157,DATA
1582891751360,334.1999,-7.6558394,7.666993,DATA
1582891751369,333.88934,-8.265085,7.366948,DATA
1582891751389,333.1765,-8.039243,7.361431,DATA
1582891751409,332.83664,-6.858399,6.9011273,DATA
1582891751430,332.28708,-7.2234807,6.5909405,DATA
1582891751449,331.9692,-8.182476,6.364966,DATA
1582891751474,331.43018,-8.186374,6.2687817,DATA
1582891751489,330.9774,-7.7379794,5.9031854,DATA
1582891751512,330.53372,-7.7575045,5.7003107,DATA
1582891751539,330.11414,-8.919553,5.5232053,DATA
1582891751550,329.6801,-9.297786,5.4180737,DATA
1582891751571,329.16296,-8.28981,5.13636,DATA
1582891751590,328.61374,-7.529732,4.7717967,DATA
1582891751610,328.1815,-7.757227,4.332987,DATA
1582891751631,327.83505,-8.449282,4.131293,DATA
1582891751651,327.33835,-8.697617,4.057747,DATA
1582891751674,326.82507,-8.558644,3.8312998,DATA
1582891751692,326.28876,-8.379312,3.6232812,DATA
1582891751718,325.59598,-7.8815336,3.4082463,DATA
1582891751763,324.98358,-7.4736953,3.1886623,DATA
1582891751763,324.23462,-8.132095,3.037299,DATA
1582891751777,323.53827,-8.220115,2.8699498,DATA
1582891751794,322.74866,-8.094008,2.7989511,DATA
1582891751813,321.9014,-7.7593246,2.4763792,DATA
1582891751833,321.14484,-7.5585837,2.1753588,DATA
1582891751853,320.4325,-7.6537657,1.8439071,DATA
1582891751874,319.59158,-7.8716965,1.7480737,DATA
1582891751893,319.07095,-8.81499,1.5018349,DATA
1582891751918,318.55566,-8.704666,1.2197063,DATA
1582891751955,318.02307,-6.882157,0.44558147,DATA
1582891751958,317.4533,-6.224341,-0.11895423,DATA
1582891751977,316.98102,-7.44065,-0.44986865,DATA
1582891751995,316.80844,-8.804754,-0.8534131,DATA
1582891752021,316.72086,-8.500713,-1.3876742,DATA
1582891752035,316.66486,-7.4873753,-2.117872,DATA
1582891752055,316.75284,-7.9794607,-2.886532,DATA
1582891752075,316.986,-9.099713,-3.3778431,DATA
1582891752095,317.1445,-9.048698,-3.8646734,DATA
1582891752118,317.30603,-8.070456,-4.6876364,DATA
1582891752152,317.4265,-8.215744,-5.299123,DATA
1582891752157,317.724,-8.562596,-5.9768963,DATA
1582891752176,318.11978,-8.499979,-6.5891166,DATA
1582891752200,318.3812,-8.364359,-7.086013,DATA
1582891752218,318.70847,-7.724659,-7.761018,DATA
1582891752240,319.12952,-7.8225193,-8.367711,DATA
1582891752257,319.57462,-8.505194,-8.749864,DATA
1582891752288,320.04916,-8.66353,-9.143866,DATA
1582891752298,320.50958,-8.162602,-9.66855,DATA
1582891752318,320.90033,-7.813914,-10.064894,DATA
1582891752342,321.3781,-7.9643235,-10.468522,DATA
1582891752358,321.67664,-7.9882674,-10.580591,DATA
1582891752383,322.02145,-7.6618853,-10.871934,DATA
1582891752401,322.4467,-7.353585,-11.29137,DATA
1582891752421,322.7814,-7.069601,-11.443747,DATA
1582891752442,323.04413,-7.19213,-11.488845,DATA
1582891752461,323.25287,-7.06314,-11.576382,DATA
1582891752485,323.52786,-6.472796,-11.802286,DATA
1582891752507,323.8392,-6.549981,-11.992541,DATA
1582891752525,324.00507,-6.783179,-11.914843,DATA
1582891752559,323.97638,-6.5130334,-11.821368,DATA
1582891752561,323.83038,-6.222151,-11.714933,DATA
1582891752583,323.5417,-6.5226336,-11.538952,DATA
1582891752601,323.46567,-7.6621056,-11.412867,DATA
1582891752623,323.27643,-7.6412487,-11.14949,DATA
1582891752642,322.96985,-5.6670256,-11.124422,DATA
1582891752666,322.8927,-5.2169333,-11.295573,DATA
1582891752685,322.78085,-6.607341,-10.99773,DATA
1582891752704,322.70215,-7.633083,-10.549789,DATA
1582891752726,322.55106,-6.2003765,-10.6074505,DATA
1582891752763,322.2979,-3.7966683,-10.667672,DATA
1582891752763,322.22272,-4.5575004,-10.509306,DATA
1582891752784,322.46143,-8.203676,-10.075941,DATA
1582891752803,322.42468,-7.47461,-10.010732,DATA
1582891752823,322.65378,-3.7681518,-10.512266,DATA
1582891752842,322.4602,-3.056017,-10.421386,DATA
1582891752885,322.545,-5.2926674,-10.17913,DATA
1582891752907,322.5174,-3.8166676,-10.09547,DATA
1582891752927,322.325,-1.9043611,-10.242677,DATA
1582891752955,322.1549,-2.2271945,-10.122835,DATA
1582891752964,322.16772,-3.4972477,-10.009469,DATA
1582891752987,322.2187,-3.9179463,-9.939801,DATA
1582891753004,322.2597,-2.9570746,-9.887239,DATA
1582891753025,322.00073,-2.2621691,-9.769741,DATA
1582891753045,321.80475,-2.8568118,-9.58264,DATA
1582891753065,321.6474,-3.42759,-9.316227,DATA
1582891753087,321.5823,-3.3309703,-9.325573,DATA
1582891753105,321.34085,-2.6090474,-9.207823,DATA
1582891753128,320.99637,-1.9076705,-9.104355,DATA
1582891753147,320.53244,-2.401543,-8.902996,DATA
1582891753174,320.1597,-3.3819032,-8.640307,DATA
1582891753189,319.8233,-3.748328,-8.388829,DATA
1582891753207,319.48386,-2.9779613,-8.393846,DATA
1582891753231,319.102,-1.8704643,-8.507382,DATA
1582891753248,318.63812,-1.7359326,-8.21895,DATA
1582891753268,318.15686,-3.1692557,-7.79996,DATA
1582891753290,318.08554,-3.8910341,-7.790159,DATA
1582891753314,318.02905,-2.5816624,-7.909167,DATA
1582891753327,317.73328,-1.1711402,-7.90373,DATA
1582891753351,317.47647,-1.7719253,-7.7449155,DATA
1582891753389,317.52728,-3.1619759,-7.705094,DATA
1582891753390,317.60895,-3.104952,-7.754715,DATA
1582891753408,317.61218,-1.9719249,-7.858224,DATA
1582891753429,317.5578,-1.6979353,-7.9954047,DATA
1582891753448,317.49176,-2.527392,-7.880727,DATA
1582891753472,317.6359,-3.2725344,-7.908473,DATA
1582891753490,317.72418,-2.8550997,-8.019477,DATA
1582891753511,317.69327,-1.7058713,-8.096246,DATA
1582891753533,317.6298,-1.7322696,-8.152121,DATA
1582891753552,317.719,-2.790005,-8.171484,DATA
1582891753597,317.91226,-3.4163818,-8.139225,DATA
1582891753597,317.9262,-2.9016154,-8.042767,DATA
1582891753611,318.01163,-2.2307682,-8.244681,DATA
1582891753630,317.97647,-2.5563345,-8.154534,DATA
1582891753650,318.1655,-2.9507852,-8.197891,DATA
1582891753671,318.37186,-2.5558565,-8.176522,DATA
1582891753691,318.60373,-2.2999904,-8.250837,DATA
1582891753712,318.89005,-2.3870401,-8.276332,DATA
1582891753735,319.21448,-2.3852262,-8.371985,DATA
1582891753753,319.60678,-2.1408439,-8.506568,DATA
1582891753785,319.8663,-2.013925,-8.471769,DATA
1582891753793,320.2442,-2.2064102,-8.590108,DATA
1582891753811,320.43976,-2.1245043,-8.523773,DATA
1582891753834,320.65195,-1.560282,-8.587226,DATA
1582891753854,320.802,-1.3562924,-8.641731,DATA
1582891753872,320.96875,-1.5699673,-8.618101,DATA
1582891753896,321.14832,-1.4480855,-8.582063,DATA
1582891753914,321.22604,-1.228835,-8.524928,DATA
1582891753936,321.2568,-1.2434428,-8.438943,DATA
1582891753962,321.2415,-1.2283661,-8.342622,DATA
1582891753997,321.20166,-1.1164333,-8.23572,DATA
1582891753998,321.0916,-1.0295922,-8.093104,DATA
1582891754020,321.0274,-1.0235152,-7.9019885,DATA
1582891754034,320.9462,-1.0117451,-7.777061,DATA
1582891754054,320.91095,-0.91787785,-7.6547093,DATA
1582891754075,320.82864,-0.91008335,-7.4867635,DATA
1582891754094,320.73834,-0.76441646,-7.3655515,DATA
1582891754119,320.67963,-0.67567253,-7.2236857,DATA
1582891754138,320.64618,-0.90433633,-7.094861,DATA
1582891754162,320.55017,-0.92114013,-6.911109,DATA
1582891754182,320.42664,-0.63777995,-6.798942,DATA
1582891754219,320.2607,-0.50928473,-6.617298,DATA
1582891754221,320.08557,-0.73458284,-6.400413,DATA
1582891754237,319.90784,-0.694795,-6.2039895,DATA
1582891754257,319.6755,-0.5178909,-6.0186334,DATA
1582891754277,319.4167,-0.5212432,-5.8561873,DATA
1582891754306,319.10602,-0.647044,-5.66864,DATA
1582891754317,318.72748,-0.53738594,-5.4173822,DATA
1582891754340,318.34866,-0.4251057,-5.2159157,DATA
1582891754361,318.0218,-0.3934427,-5.037922,DATA
1582891754381,317.73425,-0.51949316,-4.825879,DATA
1582891754399,317.48178,-0.44966656,-4.650557,DATA
1582891754419,317.23056,-0.22238499,-4.4694824,DATA
1582891754440,317.05115,-0.17381531,-4.350926,DATA
1582891754464,316.92407,-0.37513798,-4.182312,DATA
1582891754481,316.84393,-0.31670922,-4.103985,DATA
1582891754499,316.77783,-0.24960494,-3.9643545,DATA
1582891754519,316.8146,-0.5740316,-3.8490758,DATA
1582891754540,316.95236,-1.0198183,-3.7253213,DATA
1582891754560,317.1107,-0.9298543,-3.6837845,DATA
1582891754587,317.23053,-0.52052003,-3.6446018,DATA
1582891754601,317.35236,-0.50749385,-3.6207328,DATA
1582891754621,317.52167,-0.98883176,-3.5174057,DATA
1582891754641,317.72842,-1.1232054,-3.4730527,DATA
1582891754661,317.8882,-0.91139495,-3.3987734,DATA
1582891754682,318.03137,-0.90745455,-3.3490825,DATA
1582891754703,318.16187,-1.1357989,-3.2375531,DATA
1582891754721,318.2468,-1.1136501,-3.1094043,DATA
1582891754741,318.25317,-1.0675869,-2.9522753,DATA
1582891754763,318.20953,-1.1440761,-2.789688,DATA
1582891754785,318.11105,-1.190883,-2.6171513,DATA
1582891754802,317.94965,-1.0616232,-2.4597592,DATA
1582891754821,317.72418,-1.0180628,-2.2313232,DATA
1582891754846,317.53964,-1.1044865,-2.0513833,DATA
1582891754864,317.40012,-1.1772902,-1.8789183,DATA
1582891754882,317.28726,-1.0534999,-1.7208555,DATA
1582891754905,317.21454,-1.0249686,-1.5529672,DATA
1582891754925,317.20374,-1.0963956,-1.4237701,DATA
1582891754948,317.21057,-1.1005776,-1.2986481,DATA
1582891754968,317.22745,-1.0360876,-1.2083352,DATA
1582891755006,317.25018,-1.1310259,-1.1169219,DATA
1582891755006,317.2826,-1.2191215,-1.0216721,DATA
1582891755023,317.30634,-1.207602,-0.9789499,DATA
1582891755044,317.32602,-1.1179483,-0.9598094,DATA
1582891755064,317.30643,-1.2135508,-0.8813844,DATA
1582891755087,317.29822,-1.2911519,-0.83728695,DATA
1582891755106,317.26968,-1.3396323,-0.79875773,DATA
1582891755127,317.2072,-1.2395328,-0.7951199,DATA
1582891755150,317.10446,-1.2803768,-0.75196666,DATA
1582891755172,317.00043,-1.3759114,-0.7014066,DATA
1582891755216,316.90457,-1.3794675,-0.70809615,DATA
1582891755217,316.7903,-1.2636862,-0.73665535,DATA
1582891755226,316.65128,-1.3221543,-0.7105796,DATA
1582891755246,316.53546,-1.3942375,-0.70659053,DATA
1582891755266,316.45816,-1.3626335,-0.7763902,DATA
1582891755286,316.38843,-1.2931795,-0.84556293,DATA
1582891755315,316.32928,-1.3790398,-0.8967776,DATA
1582891755330,316.2956,-1.4388924,-0.9600035,DATA
1582891755352,316.28738,-1.3984184,-1.0855782,DATA
1582891755372,316.28763,-1.3365129,-1.2127116,DATA
1582891755417,316.30093,-1.4640743,-1.3048697,DATA
1582891755419,316.33438,-1.5395219,-1.4231935,DATA
1582891755429,316.38507,-1.4896377,-1.5645654,DATA
1582891755448,316.44952,-1.4568775,-1.7380675,DATA
1582891755468,316.50684,-1.5507284,-1.8666794,DATA
1582891755490,316.57666,-1.6083206,-2.00131,DATA
1582891755508,316.66684,-1.6555749,-2.1718261,DATA
1582891755531,316.75806,-1.6524925,-2.309729,DATA
1582891755550,316.8379,-1.7553861,-2.4088383,DATA
1582891755572,316.95312,-1.8390528,-2.5425165,DATA
1582891755617,317.0783,-1.8251495,-2.674296,DATA
1582891755617,317.20624,-1.7808421,-2.8111746,DATA
1582891755630,317.34735,-1.862872,-2.8973863,DATA
1582891755650,317.50592,-1.9060533,-2.998764,DATA
1582891755670,317.67926,-1.8917062,-3.140736,DATA
1582891755690,317.88608,-1.8367937,-3.2908697,DATA
1582891755711,318.10193,-1.9839691,-3.3767564,DATA
1582891755731,318.34845,-2.157527,-3.4749596,DATA
1582891755754,318.59128,-2.1882284,-3.5591166,DATA
1582891755773,318.8104,-2.1555147,-3.6552846,DATA
1582891755818,318.972,-2.2734635,-3.6249146,DATA
1582891755818,319.1164,-2.3779876,-3.6058378,DATA
1582891755833,319.17447,-2.3544068,-3.5757077,DATA
1582891755853,319.1735,-2.2559586,-3.5117416,DATA
1582891755873,319.12112,-2.3943164,-3.4178767,DATA
1582891755894,319.0806,-2.44123,-3.3475232,DATA
1582891755912,319.01968,-2.350739,-3.2733054,DATA
1582891755933,319.01596,-2.2509289,-3.2720456,DATA
1582891755954,319.0167,-2.2721488,-3.20353,DATA
1582891755975,319.06198,-2.2594824,-3.1055098,DATA
1582891756005,319.0787,-2.129762,-3.0307126,DATA
1582891756019,319.12323,-1.9708171,-3.0101664,DATA
1582891756034,319.09543,-2.0700986,-2.8825965,DATA
1582891756054,319.06302,-2.163107,-2.7521026,DATA
1582891756076,318.9593,-2.103243,-2.6227074,DATA
1582891756095,318.87018,-2.0251305,-2.5437655,DATA
1582891756115,318.7762,-2.102348,-2.4081025,DATA
1582891756136,318.69672,-2.3022287,-2.2957919,DATA
1582891756155,318.5304,-2.1619995,-2.1293252,DATA
1582891756177,318.35397,-2.057718,-2.0241914,DATA
1582891756204,318.2118,-2.2929788,-1.8946066,DATA
1582891756218,318.06418,-2.3430884,-1.7289306,DATA
1582891756235,317.90106,-2.169071,-1.6470523,DATA
1582891756260,317.74518,-2.2421808,-1.5121673,DATA
1582891756276,317.62332,-2.3233562,-1.412267,DATA
1582891756297,317.5495,-2.2974274,-1.3598818,DATA
1582891756324,317.52298,-2.203987,-1.3169568,DATA
1582891756341,317.52933,-2.2787232,-1.2735989,DATA
1582891756358,317.5785,-2.3470802,-1.2363969,DATA
1582891756382,317.61768,-2.3192906,-1.2178779,DATA
1582891756401,317.7123,-2.2604675,-1.2703955,DATA
1582891756418,317.779,-2.3718886,-1.2437367,DATA
1582891756439,317.8844,-2.4435022,-1.216321,DATA
1582891756458,317.9387,-2.3584073,-1.2352142,DATA
1582891756483,318.0168,-2.3190353,-1.2570599,DATA
1582891756499,318.02744,-2.4612212,-1.1881101,DATA
1582891756521,318.0656,-2.4873633,-1.1676761,DATA
1582891756545,318.0091,-2.423731,-1.0903697,DATA
1582891756560,317.99628,-2.4146566,-1.0847521,DATA
1582891756582,317.92847,-2.5413907,-1.0002044,DATA
1582891756634,317.89145,-2.5448573,-0.93413746,DATA
1582891756634,317.79504,-2.436585,-0.8451795,DATA
1582891756641,317.7598,-2.4613523,-0.82708585,DATA
1582891756660,317.68558,-2.6100833,-0.7283377,DATA
1582891756681,317.65854,-2.6007597,-0.67332566,DATA
1582891756700,317.57526,-2.4643245,-0.60595626,DATA
1582891756720,317.55988,-2.503352,-0.6020069,DATA
1582891756745,317.5255,-2.6271353,-0.53145176,DATA
1582891756761,317.54132,-2.6154525,-0.52458006,DATA
1582891756789,317.55017,-2.492017,-0.5169689,DATA
1582891756832,317.5922,-2.5376945,-0.52341706,DATA
1582891756832,317.63562,-2.6627998,-0.5294846,DATA
1582891756842,317.6897,-2.6262462,-0.54528695,DATA
1582891756861,317.69666,-2.527793,-0.55942774,DATA
1582891756883,317.73666,-2.613036,-0.5909179,DATA
1582891756904,317.7539,-2.7207944,-0.58104134,DATA
1582891756924,317.78064,-2.666253,-0.6451494,DATA
1582891756954,317.77045,-2.5509927,-0.65390927,DATA
1582891756962,317.78122,-2.6823564,-0.6659274,DATA
1582891756985,317.78696,-2.791858,-0.6697062,DATA
1582891757022,317.78934,-2.710069,-0.7059589,DATA
1582891757027,317.74585,-2.6182084,-0.73909557,DATA
1582891757044,317.72433,-2.7479522,-0.73547083,DATA
1582891757063,317.71686,-2.8375785,-0.7322749,DATA
1582891757086,317.70258,-2.7732089,-0.7723155,DATA
1582891757104,317.70596,-2.706331,-0.82118815,DATA
1582891757125,317.70303,-2.829019,-0.8237934,DATA
1582891757145,317.72833,-2.8767638,-0.86155003,DATA
1582891757168,317.71368,-2.8189523,-0.87923,DATA
1582891757188,317.7271,-2.7936497,-0.9649557,DATA
1582891757221,317.70496,-2.8861053,-0.9404432,DATA
1582891757225,317.713,-2.900415,-0.95231473,DATA
1582891757246,317.68875,-2.87338,-0.98510134,DATA
1582891757265,317.7099,-2.8514874,-1.0587467,DATA
1582891757285,317.69357,-2.955282,-1.0448744,DATA
1582891757305,317.716,-2.9794486,-1.0809326,DATA
1582891757327,317.68793,-2.9263752,-1.0680088,DATA
1582891757346,317.73233,-2.97478,-1.1586025,DATA
1582891757365,317.719,-3.0931742,-1.1345452,DATA
1582891757387,317.75085,-3.111768,-1.1537157,DATA
1582891757417,317.74673,-3.021717,-1.2015969,DATA
1582891757430,317.78186,-3.0791805,-1.2842673,DATA
1582891757448,317.79956,-3.2052352,-1.3151582,DATA
1582891757468,317.85278,-3.251924,-1.3501518,DATA
1582891757488,317.86224,-3.2343357,-1.3694465,DATA
1582891757509,317.9073,-3.3561037,-1.404181,DATA
1582891757528,317.92538,-3.4343395,-1.3922517,DATA
1582891757548,317.94153,-3.3867385,-1.4184488,DATA
1582891757568,317.9644,-3.2787876,-1.4409114,DATA
1582891757592,317.94406,-3.2991216,-1.3855826,DATA
1582891757619,317.93463,-3.2668002,-1.3441088,DATA
1582891757628,317.85175,-3.1837015,-1.330522,DATA
1582891757651,317.83517,-3.146167,-1.4141277,DATA
1582891757669,317.7967,-3.1963825,-1.370177,DATA
1582891757690,317.8162,-3.2208648,-1.348669,DATA
1582891757712,317.7925,-3.167846,-1.3526834,DATA
1582891757733,317.80658,-3.1816785,-1.4049317,DATA
1582891757752,317.7849,-3.2769299,-1.3904985,DATA
1582891757771,317.79727,-3.279543,-1.3845472,DATA
1582891757793,317.7655,-3.1518018,-1.3791779,DATA
1582891757821,317.77408,-3.195858,-1.415404,DATA
1582891757830,317.76236,-3.3222888,-1.394543,DATA
1582891757851,317.74142,-3.2817898,-1.4066266,DATA
1582891757871,317.73172,-3.1290827,-1.4290504,DATA
1582891757896,317.71924,-3.2325647,-1.4268708,DATA
1582891757913,317.73877,-3.3394725,-1.4339769,DATA
1582891757935,317.7049,-3.2899997,-1.4179072,DATA
1582891757954,317.74274,-3.196317,-1.5050299,DATA
1582891757975,317.74088,-3.2911537,-1.4885455,DATA
1582891757998,317.80154,-3.3667116,-1.4981767,DATA
1582891758031,317.81326,-3.2623055,-1.532189,DATA
1582891758035,317.8622,-3.243018,-1.5875084,DATA
1582891758054,317.86197,-3.3789675,-1.5862184,DATA
1582891758073,317.8969,-3.4018497,-1.5934666,DATA
1582891758096,317.87,-3.2718573,-1.5952986,DATA
1582891758113,317.88004,-3.3096864,-1.6292325,DATA
1582891758139,317.8684,-3.4336658,-1.6083175,DATA
1582891758156,317.85928,-3.4154756,-1.6131079,DATA
1582891758175,317.86414,-3.2739305,-1.6238279,DATA
1582891758204,317.8541,-3.3787909,-1.6105809,DATA
1582891758255,317.856,-3.4902556,-1.586079,DATA
1582891758256,317.79187,-3.4190152,-1.5501133,DATA
1582891758264,317.80554,-3.359742,-1.6081995,DATA
1582891758276,317.76828,-3.459871,-1.5619591,DATA
1582891758297,317.78357,-3.5288901,-1.5333419,DATA
1582891758316,317.7602,-3.3928647,-1.5388939,DATA
1582891758337,317.76633,-3.4028983,-1.5491594,DATA
1582891758356,317.74664,-3.5268748,-1.5152321,DATA
1582891758377,317.74634,-3.56164,-1.5037819,DATA
1582891758398,317.7439,-3.4311635,-1.5211179,DATA
1582891758419,317.73172,-3.3841956,-1.5074961,DATA
1582891758437,317.73547,-3.3901799,-1.4568521,DATA
1582891758463,317.72556,-3.4439185,-1.4654233,DATA
1582891758478,317.75406,-3.485734,-1.4750626,DATA
