,ACCELEROMETER X (m/s²),ACCELEROMETER Y (m/s²),ACCELEROMETER Z (m/s²),GRAVITY X (m/s²),GRAVITY Y (m/s²),GRAVITY Z (m/s²),LINEAR ACCELERATION X (m/s²),LINEAR ACCELERATION Y (m/s²),LINEAR ACCELERATION Z (m/s²),GYROSCOPE X (rad/s),GYROSCOPE Y (rad/s),GYROSCOPE Z (rad/s),LIGHT (lux),MAGNETIC FIELD X (μT),MAGNETIC FIELD Y (μT),MAGNETIC FIELD Z (μT),ORIENTATION Z (azimuth °),ORIENTATION X (pitch °),ORIENTATION Y (roll °),PROXIMITY (i),SOUND LEVEL (dB),LOCATION Latitude : ,LOCATION Longitude : ,LOCATION Altitude ( m),LOCATION Altitude-google ( m),LOCATION Speed ( Kmh),LOCATION Accuracy ( m),LOCATION ORIENTATION (°),Satellites in range,Time since start in ms ,YYYY-MO-DD HH-MI-SS_SSS,k
0,0.4678,1.5822,9.898,0.5132,1.5624,9.6678,0.018000000000000002,0.0565,-0.0508,-0.0486,-0.0553,-0.032,5.4116,21.45,-34.15,-14.88,214.72,-9.28,-2.71,2,46.357,23.547197,87.29255,,,,67.04516600000001,,0 / 35,16,2020-02-06 18:52:23:902,0.0
1,0.6928,1.7881,9.9387,0.5547,1.5241,9.6716,0.129,0.2176,0.1215,-0.0997,-0.0191,-0.0299,5.4116,23.35,-30.53,-16.94,220.33,-8.94,-3.28,2,48.966,23.547197,87.29255,,,,67.04516600000001,,0 / 35,516,2020-02-06 18:52:24:402,-0.02960396332709577
2,0.3553,1.8552,9.3066,0.6856,1.3671,9.6867,-0.4019,0.3558,-0.1382,-0.1966,0.0097,-0.0097,5.4116,21.75,-32.83,-17.14,217.17,-8.01,-4.05,2,50.082,23.547035,87.29283000000001,180.09,,0.0,159.07097,,0 / 35,1015,2020-02-06 18:52:24:901,-0.019696470415675175
3,0.4127,2.2191,10.305,0.591,0.9859,9.7391,0.1904,0.922,0.915,-0.3,-0.1895,-0.4177,5.4116,23.17,-32.22,-21.17,218.92,-5.36,-3.54,2,45.254,23.547035,87.29283000000001,180.09,,0.0,159.07097,,0 / 35,1515,2020-02-06 18:52:25:401,-0.15214564366825153
4,0.9155,0.2606,9.5364,0.6729999999999999,1.3397,9.6914,0.0474,-0.8928,-0.7459,0.0889,-0.2374,-0.2707,5.4116,25.06,-31.54,-20.17,222.03,-7.85,-3.97,2,45.254,23.54704,87.292816,170.99,,0.0,131.40645,,14 / 34,2015,2020-02-06 18:52:25:901,-0.18181427054397042
5,1.1286,0.7467,8.1191,0.4649,1.3769,9.6984,-0.1035,-0.5868,-0.5976,0.1496,0.0065,-0.2419,5.4116,27.09,-31.4,-20.67,225.31,-8.45,-3.11,2,38.330999999999996,23.54704,87.292816,170.99,,0.0,131.40645,,14 / 34,2515,2020-02-06 18:52:26:401,-0.19387956622689376
6,2.0168,1.3476,8.1454,0.7390000000000001,1.51,9.6615,0.9264,-0.0596,-0.9925,-0.3415,-0.2087,0.0084,5.4116,31.07,-30.56,-20.21,229.27,-8.86,-4.37,2,37.915,23.54704,87.2928,164.9,,0.0,110.65806599999999,,14 / 33,3015,2020-02-06 18:52:26:901,-0.15991364515276224
7,1.1501,-0.6563,13.9154,0.8105,1.0597,9.7155,0.5965,-1.0599,2.9499,0.3818,0.1248,0.3216,5.4116,28.21,-28.7,-20.36,227.37,-6.52,-3.05,2,34.794000000000004,23.54704,87.2928,164.9,,0.0,110.65806599999999,,14 / 33,3516,2020-02-06 18:52:27:402,-0.09033187216064617
8,0.7263,1.4242,12.6537,0.5479,1.058,9.734,0.0253,0.5454,0.2619,0.1048,-0.2523,-0.1013,5.4116,29.4,-32.51,-20.29,224.13,-6.48,-2.2,2,38.075,23.547043,87.29276999999999,154.29,,2.66,82.99355,228.3,14 / 34,4015,2020-02-06 18:52:27:901,-0.09172508322585328
9,-0.4899,0.1409,8.9594,0.3019,0.7713,9.7716,-0.5104,-0.48100000000000004,-0.9098,-0.13699999999999998,-0.1266,-0.2387,5.4116,31.74,-31.02,-20.61,228.05,-4.51,-1.77,2,39.286,23.547043,87.29276999999999,154.29,,2.66,82.99355,228.3,14 / 34,4517,2020-02-06 18:52:28:403,-0.1084058137875449
10,0.9538,0.6653,9.4718,0.7287,0.8525,9.7423,0.5061,-0.0993,-0.3109,-0.0901,0.0236,0.2343,4.9953,27.67,-31.91,-20.15,224.12,-4.99,-4.28,2,37.923,23.547045,87.29273,143.34,,3.06,69.16129000000001,232.3,15 / 35,5015,2020-02-06 18:52:28:901,-0.07319909718638401
11,0.5659,0.4737,8.6386,0.6406,1.1054,9.7231,-0.1204,-0.8901,-1.7861,-0.1029,-0.1671,0.0042,4.9953,29.53,-30.86,-19.4,226.85,-5.56,-3.67,2,37.982,23.547045,87.29273,143.34,,3.06,69.16129000000001,232.3,15 / 35,5515,2020-02-06 18:52:29:401,-0.06592492636977318
12,0.7335,1.3045,9.7495,0.5616,0.7279,9.7635,0.0991,0.4333,0.3926,-0.235,-0.4228,0.1267,6.5003,29.59,-30.69,-19.91,225.9,-3.26,-2.51,2,34.912,23.547043,87.29271,124.1,,3.17,62.245167,221.5,16 / 35,6015,2020-02-06 18:52:29:901,-0.04921596510963934
13,1.4469999999999998,1.3045,12.759,0.6703,0.7437,9.7554,0.1436,0.5248,0.1696,-0.0219,-0.0691,-0.0587,6.5003,26.68,-31.75,-20.05,222.83,-4.35,-3.93,2,36.829,23.547043,87.29271,124.1,,3.17,62.245167,221.5,16 / 35,6516,2020-02-06 18:52:30:402,-0.04998100067072226
14,0.5731,1.4122,9.7663,0.7869,1.0593,9.7175,-0.2431,-0.1929,-0.6979,-0.1242,0.2696,-0.0757,6.5003,31.79,-28.54,-20.57,231.37,-6.2,-4.63,2,39.184,23.547037,87.29269000000001,122.99,,3.46,51.870968,214.4,17 / 35,7015,2020-02-06 18:52:30:901,-0.05192278194174692
15,0.2595,0.6126,8.7104,0.5804,1.2319,9.7116,-0.081,-0.4202,-1.3057,-0.0379,0.0193,0.0415,6.5003,29.35,-31.84,-17.5,225.4,-8.1,-3.35,2,38.449,23.547037,87.29269000000001,122.99,,3.46,51.870968,214.4,17 / 35,7516,2020-02-06 18:52:31:402,-0.04528382969478072
16,0.0799,0.1601,8.1526,0.5883,1.0827,9.7289,-0.4568,-0.9105,-1.1816,0.2721,0.0097,-0.0672,6.5003,29.53,-29.08,-19.65,229.86,-7.22,-4.6,2,31.7,23.547031,87.29267,119.36,,3.78,44.954840000000004,191.6,17 / 35,8016,2020-02-06 18:52:31:902,-0.04675702271004785
17,0.7909999999999999,0.6676,13.1541,0.7214,0.8177,9.7458,0.3231,0.0156,2.9455,0.3648,0.3804,0.19699999999999998,0.0,27.78,-28.22,-21.6,228.39,-4.78,-4.23,2,34.26,23.547031,87.29267,119.36,,3.78,44.954840000000004,191.6,17 / 35,8515,2020-02-06 18:52:32:401,-0.0311900237408156
18,0.9825,1.1273,8.2268,0.632,0.8724,9.7473,-0.0211,-0.1155,-0.5267,-0.0102,0.1482,-0.0193,0.0,27.58,-30.33,-20.44,225.97,-5.1,-3.71,2,36.192,23.547026000000002,87.29265600000001,118.03,,4.03,41.496777,192.3,16 / 35,9015,2020-02-06 18:52:32:901,-0.030465780288702587
19,0.9011,1.2518,9.6202,0.6675,0.9417,9.7385,0.1397,0.2466,-0.423,0.0068,0.0267,-0.1545,0.0,28.73,-28.45,-20.56,229.27,-6.11,-2.55,2,38.611,23.547026000000002,87.29265600000001,118.03,,4.03,41.496777,192.3,16 / 35,9516,2020-02-06 18:52:33:402,-0.03769725536968372
20,0.9754,0.4258,10.8844,0.596,0.8486,9.7517,-0.0239,-0.6285,0.7078,-0.0667,-0.2758,0.2012,0.0,27.5,-29.93,-20.63,225.69,-4.85,-2.56,2,37.441,23.54702,87.29264,111.72,,4.43,34.580647,213.7,15 / 29,10015,2020-02-06 18:52:33:901,-0.024323219233105268
21,0.4367,0.7323,9.479,0.4489,0.8466,9.7597,0.3952,-0.7775,2.7189,0.3381,-0.3535,0.0202,0.0,29.21,-29.78,-21.53,226.85,-4.95,-2.63,2,36.264,23.54702,87.29264,111.72,,4.43,34.580647,213.7,15 / 29,10516,2020-02-06 18:52:34:402,-0.02192295324468009
22,0.2547,1.0124,11.4159,0.2008,0.7759999999999999,9.7738,0.2292,0.8288,0.3801,-0.4001,-0.1384,0.14800000000000002,0.0,26.67,-30.19,-20.91,224.11,-4.54,-1.18,2,28.243000000000002,23.547016,87.292625,107.85,,3.92,27.664516,213.6,17 / 29,11015,2020-02-06 18:52:34:901,-0.013078085939949564
23,0.3816,0.9741,11.2124,0.1445,0.7079,9.78,-0.3995,0.2875,-0.687,0.0505,-0.1,0.05,0.0,27.58,-31.31,-21.01,223.57,-3.49,-0.65,2,32.427,23.547016,87.292625,107.85,,3.92,27.664516,213.6,17 / 29,11516,2020-02-06 18:52:35:402,-0.00990024484565443
24,-0.2409,0.7706,7.8797,0.0777,0.8079,9.773,0.3904,0.4127,-0.6192,-0.2787,0.1865,0.002,0.0,29.35,-30.81,-19.45,225.76,-6.43,-1.68,2,31.973000000000003,23.547012,87.29261,103.53,,3.35,24.206451,213.7,18 / 29,12016,2020-02-06 18:52:35:902,-0.009318696137258067
25,-0.7724,0.09300000000000001,8.9762,0.0666,0.3271,9.801,0.0115,-0.4289,-1.3378,-0.0539,-0.0095,0.2172,0.0,27.82,-30.48,-21.81,223.9,-1.91,-0.39,2,33.461,23.547012,87.29261,103.53,,3.35,24.206451,213.7,18 / 29,12515,2020-02-06 18:52:36:401,0.0014409146933096004
26,-0.2337,-1.0993,11.9642,0.3594,0.5708,9.7834,-0.3625,-1.4958,2.0578,0.1549,-0.2886,0.0202,0.0,27.38,-29.13,-21.74,225.06,-3.34,-2.1,2,39.718,23.547012,87.29259499999999,95.7,,2.84,20.748388000000002,213.8,19 / 29,13015,2020-02-06 18:52:36:901,0.002308643340109379
27,-0.2912,-0.6037,9.0624,0.3782,0.8226,9.7648,0.3023,-0.3753,-3.5121,0.9507,0.1855,0.2396,6.5003,29.06,-31.23,-23.12,224.72,-1.46,-2.95,2,34.951,23.547012,87.29259499999999,95.7,,2.84,20.748388000000002,213.8,19 / 29,13516,2020-02-06 18:52:37:402,0.013016189319983546
28,0.3457,0.67,12.4981,0.4077,0.4047,9.7898,-0.6184,0.6724,1.3892,0.1198,0.0097,0.034,6.5003,28.7,-29.08,-22.61,226.22,-1.45,-1.7,2,34.306999999999995,23.54701,87.29259,96.53,,3.92,17.290323,213.8,19 / 29,14015,2020-02-06 18:52:37:901,0.013941374285543862
29,0.281,0.7802,9.2539,0.2915,0.4729,9.7909,0.4177,0.6763,-1.1954,-0.1551,0.1567,-0.0203,6.5003,28.08,-30.31,-22.3,224.7,-2.76,-1.71,2,35.304,23.54701,87.29259,96.53,,3.92,17.290323,213.8,19 / 29,14517,2020-02-06 18:52:38:403,0.012464030484599407
30,0.0009,0.0069,8.8661,0.3482,0.293,9.7961,-0.1985,-0.2014,-1.0337,-0.0656,0.0853,-0.0235,6.5003,26.84,-31.64,-21.6,221.52,-1.71,-2.04,2,35.546,23.547007,87.292564,95.78,,3.46,13.832258,225.3,18 / 29,15015,2020-02-06 18:52:38:901,0.01094352152137123
31,0.6426,0.013999999999999999,7.3839999999999995,0.451,0.6997,9.7713,0.3328,-0.6239,-2.3816,-0.0496,0.1322,-0.2643,6.5003,27.7,-31.5,-21.64,223.59,-4.09,-2.64,2,34.399,23.547007,87.292564,95.78,,3.46,13.832258,225.3,18 / 29,15515,2020-02-06 18:52:39:401,-0.00047447845802794757
32,-0.5186,-1.128,11.6888,0.3411,0.4326,9.7912,-0.4488,-1.3595,1.3592,0.4308,-0.2555,-0.0011,4.9953,27.07,-32.33,-22.87,220.79,-0.86,-0.8,2,34.521,23.546999999999997,87.29256,94.71,,4.1,13.832258,225.0,18 / 29,16015,2020-02-06 18:52:39:901,-0.0004999697041733562
33,0.226,1.0651,10.9227,0.3438,0.263,9.7971,-0.0428,0.5965,1.9523,0.0122,-0.002,-0.1673,4.9953,26.09,-33.92,-23.41,218.67,-2.41,-1.07,2,35.119,23.546999999999997,87.29256,94.71,,4.1,13.832258,225.0,18 / 29,16515,2020-02-06 18:52:40:401,-0.007185085629541352
34,-0.0494,1.0388,10.633,0.1322,0.3491,9.7995,-0.0781,0.8792,0.5452,0.026000000000000002,0.0363,0.4058,4.9953,24.34,-34.82,-22.49,215.38,-2.04,-0.77,2,38.861999999999995,23.546995000000003,87.29254,93.88,,4.1,13.832258,225.1,18 / 29,17015,2020-02-06 18:52:40:901,0.009110378710248364
35,-0.1691,1.2279,8.8445,0.2229,0.7543,9.7751,0.2512,0.1405,-1.7398,-0.055999999999999994,-0.0041,0.0777,4.9953,24.36,-37.5,-19.68,214.64,-4.41,-1.31,2,33.093,23.546995000000003,87.29254,93.88,,4.1,13.832258,225.1,18 / 29,17515,2020-02-06 18:52:41:401,0.01177745681344089
36,1.3153,1.1513,8.4758,0.3818,0.7473,9.7707,-0.3916,0.10099999999999999,-0.8618,-0.2552,0.1961,-0.0597,4.9953,20.57,-38.1,-20.06,211.91,-6.13,-3.84,2,34.045,23.546988,87.292534,90.88,,4.14,13.832258,224.9,11 / 17,18016,2020-02-06 18:52:41:902,0.00903595272232415
37,0.6186,-0.0698,8.6841,0.5422,1.1440000000000001,9.7246,0.0334,-1.1952,-1.7269,0.1741,-0.0361,0.3504,4.9953,12.5,-39.76,-19.71,200.61,-6.7,-3.19,2,33.745,23.546988,87.292534,90.88,,4.14,13.832258,224.9,11 / 17,18517,2020-02-06 18:52:42:403,0.021961583359310283
38,0.2762,-1.0897,15.3831,0.6281,0.4116,9.7779,-0.516,-1.4505,2.3890000000000002,0.2199,0.5764,-0.0683,6.5003,9.4,-41.19,-21.8,194.54,-2.41,-3.68,2,33.556,23.546984,87.29253,86.97,,3.92,10.374194000000001,208.3,11 / 19,19016,2020-02-06 18:52:42:902,0.01858483455583209
39,0.439,0.9143,11.8588,0.0231,0.5508,9.7911,0.6518,0.6275,2.6587,0.2721,0.2238,0.6135,6.5003,7.14,-40.95,-22.04,190.4,-2.92,-0.82,2,36.415,23.546984,87.29253,86.97,,3.92,10.374194000000001,208.3,11 / 19,19517,2020-02-06 18:52:43:403,0.04059068117579009
40,0.8437,1.2518,10.1039,0.2787,0.7051,9.7773,0.2238,0.2328,-0.27899999999999997,-0.08900000000000001,0.1738,0.0809,6.5003,-1.47,-40.93,-20.77,179.33,-4.1,-1.47,2,37.566,23.546976,87.29252,87.0,,4.14,10.374194000000001,208.2,12 / 20,20015,2020-02-06 18:52:43:901,0.04206598128110885
41,0.8149,1.4122,8.1454,-0.0233,0.3226,9.8013,-0.2714,0.39799999999999996,0.6117,-0.1466,0.1439,0.263,6.5003,0.89,-39.6,-22.01,182.51,-3.54,-1.8,2,43.818000000000005,23.546976,87.29252,87.0,,4.14,10.374194000000001,208.2,12 / 20,20515,2020-02-06 18:52:44:401,0.050071964672062236
42,0.1541,-0.3068,8.9068,0.1593,0.4193,9.7964,0.4519,-0.1082,-1.3096,-0.0539,-0.0691,0.1469,0.0,-8.53,-39.78,-21.84,167.51,-2.45,-0.93,2,40.105,23.546968,87.29251,83.32,,4.14,10.374194000000001,208.1,11 / 18,21015,2020-02-06 18:52:44:901,0.0535481079582673
43,0.2236,0.1242,7.6019,0.3806,0.8394,9.7632,-0.5345,-1.1626,-1.1209,0.1869,0.0033,0.18100000000000002,0.0,-8.36,-39.35,-21.69,169.07,-4.91,-2.23,2,36.268,23.546968,87.29251,83.32,,4.14,10.374194000000001,208.1,11 / 18,21515,2020-02-06 18:52:45:401,0.058083739326288374
44,-0.9448,0.7706,11.1214,0.036000000000000004,1.1611,9.7376,-0.58,-0.2193,1.3714,0.2497,-0.0041,0.4665,0.0,-15.17,-39.42,-22.31,157.65,-5.85,0.09,2,35.527,23.546960000000002,87.29251,83.09,,4.32,10.374194000000001,157.0,12 / 20,22015,2020-02-06 18:52:45:901,0.07249905465246205
45,1.9809,0.7586,13.2905,0.1057,0.6274,9.786,0.7020000000000001,0.6056,1.0771,0.1027,0.1024,0.0031,0.0,-19.37,-35.6,-21.15,151.04,-4.89,-0.4,2,38.010999999999996,23.546960000000002,87.29251,83.09,,4.32,10.374194000000001,157.0,12 / 20,22515,2020-02-06 18:52:46:401,0.07006839361531762
46,-0.3893,0.4163,13.3097,0.0833,0.8741,9.7673,0.1675,0.7859,1.5013,-0.1785,-0.034,0.7232,0.0,-22.32,-33.78,-21.25,145.69,-5.11,-0.49,2,35.242,23.546947,87.29251,86.58,,4.18,10.374194000000001,157.4,12 / 20,23017,2020-02-06 18:52:46:903,0.09277894115990923
47,0.4678,1.6636,10.7695,0.3386,0.7090000000000001,9.7751,0.0916,0.9005,0.9485,-0.1125,0.0566,-0.0555,0.0,-28.89,-28.64,-21.36,134.42,-4.41,-3.34,2,31.598000000000003,23.546947,87.29251,86.58,,4.18,10.374194000000001,157.4,12 / 20,23516,2020-02-06 18:52:47:402,0.0876579274881532
48,0.0296,0.7634,9.2946,0.2058,0.9122,9.762,-0.2223,-0.1197,-1.0791,-0.0539,0.2579,0.5283,0.0,-33.51,-22.78,-20.53,121.9,-5.34,-1.21,2,30.535,23.546942,87.29252,81.59,,4.86,10.374194000000001,157.4,12 / 19,24015,2020-02-06 18:52:47:901,0.10277937799641407
49,0.2116,-0.0889,9.0241,0.1187,1.1096,9.743,0.2568,-0.9079,-0.6284,0.0079,0.2973,0.6391,0.0,-37.75,-8.86,-22.15,99.45,-6.8,-0.75,2,30.726999999999997,23.546942,87.29252,81.59,,4.86,10.374194000000001,157.4,12 / 19,24515,2020-02-06 18:52:48:401,0.12107441300755417
50,-0.1188,-0.0075,7.4152,0.2341,0.7509999999999999,9.7751,0.9834,-0.0214,-1.0121,-0.2467,0.0587,0.1959,0.0,-40.29,-0.74,-21.39,89.01,-4.39,-1.37,2,31.872,23.546936,87.29253,84.87,,4.97,10.374194000000001,106.1,14 / 20,25016,2020-02-06 18:52:48:902,0.12361257786308048
51,0.9083,0.7586,8.2172,0.1072,1.2178,9.7302,0.4825,-0.8203,-1.7037,0.1411,-0.149,0.7467,0.0,-37.44,6.06,-23.72,77.07,-6.25,0.49,2,31.613000000000003,23.546936,87.29253,84.87,,4.97,10.374194000000001,106.1,14 / 20,25516,2020-02-06 18:52:49:402,0.1446372600412206
52,2.6321,0.7227,11.4063,0.4183,0.6684,9.7749,0.8764,-0.6355,2.5664,-0.7909999999999999,0.5253,-0.3101,0.0,-36.31,16.31,-23.96,63.13,-3.91,-2.45,2,32.52,23.546932,87.292534,85.65,,5.0,10.374194000000001,106.1,13 / 18,26016,2020-02-06 18:52:49:902,0.1293689024888595
53,1.5547,1.0507,11.3058,-0.07400000000000001,0.6667,9.7837,0.5818,0.1713,2.7048,0.2199,0.6276,0.7435,0.0,-31.36,23.56,-26.09,49.56,-3.41,-2.14,2,33.668,23.546932,87.292534,85.65,,5.0,10.374194000000001,106.1,13 / 18,26515,2020-02-06 18:52:50:401,0.1498935681143333
54,0.2762,1.4146,10.1206,0.14300000000000002,1.0505,9.7492,0.1648,-0.1546,-0.8495,0.0441,0.0832,0.2907,0.0,-24.77,28.61,-27.38,37.76,-6.15,-0.84,2,27.545,23.546936,87.29254,87.2,,3.92,10.374194000000001,106.1,15 / 20,27015,2020-02-06 18:52:50:901,0.1545789444684392
55,0.4654,1.1633,9.0959,0.1357,0.8653,9.7675,0.5099,0.5361,-0.139,-0.1519,0.0672,-0.0054,0.0,-25.43,25.48,-26.8,41.32,-5.31,-1.79,2,32.645,23.546936,87.29254,87.2,,3.92,10.374194000000001,106.1,15 / 20,27515,2020-02-06 18:52:51:401,0.14927733239716365
56,0.7335,1.0124,8.3369,0.0503,1.0418,9.751,0.7345,0.0224,-0.8836,0.0718,-0.0499,0.1618,0.0,-23.6,27.62,-28.48,37.73,-6.1,-0.3,2,32.025999999999996,23.546946,87.29255,84.99,,4.28,10.374194000000001,43.0,15 / 20,28015,2020-02-06 18:52:51:901,0.14969073585159903
57,1.4709,0.7754,9.4886,0.41600000000000004,1.4131,9.6954,1.0057,-0.5882,-0.7123,-0.2009,0.2941,-0.081,0.0,-22.36,26.81,-29.82,33.58,-8.29,-2.46,2,32.693000000000005,23.546946,87.29255,84.99,,4.28,10.374194000000001,43.0,15 / 20,28515,2020-02-06 18:52:52:401,0.14210248243975107
58,0.9993,1.5319999999999998,6.1223,0.0031,1.2808,9.7226,0.7134,-0.0056,-2.7349,0.1496,-0.1266,0.1736,0.0,-19.84,29.08,-30.76,31.64,-6.55,-0.12,2,30.783,23.546960000000002,87.29256,84.56,,4.0,10.374194000000001,42.4,12 / 17,29016,2020-02-06 18:52:52:902,0.14313504988353573
59,0.9442,1.6181,10.6952,0.0672,0.8232,9.7718,0.8301,-0.0453,2.2147,-0.2052,0.4166,-0.2323,0.0,-20.4,29.69,-28.2,29.97,-6.43,-1.94,2,30.086,23.546960000000002,87.29256,84.56,,4.0,10.374194000000001,42.4,12 / 17,29516,2020-02-06 18:52:53:402,0.13086638076780954
60,2.024,0.287,11.9618,0.4774,0.787,9.7634,1.0095,-0.7088,2.7616,-0.49700000000000005,-0.1171,0.2609,0.0,-19.34,30.04,-29.43,28.53,-4.6,-2.8,2,34.982,23.546974,87.29256,83.41,,4.25,10.374194000000001,42.7,15 / 20,30016,2020-02-06 18:52:53:902,0.13510303870072915
61,1.2507,0.8736,12.6657,0.4582,0.8001,9.7632,0.4311,0.1907,2.3015,0.1858,-0.4867,-0.0054,0.0,-18.6,30.63,-28.53,27.86,-4.68,-2.69,2,29.072,23.546974,87.29256,83.41,,4.25,10.374194000000001,42.7,15 / 20,30515,2020-02-06 18:52:54:401,0.13053806836274678
62,-0.3199,0.6676,8.72,0.6199,0.7878,9.7553,0.086,0.3012,0.2438,0.1698,-0.1203,0.2332,0.0,-20.32,31.34,-28.54,28.53,-4.61,-3.64,2,33.177,23.546991000000002,87.29256,83.22,,4.75,10.374194000000001,42.7,14 / 18,31019,2020-02-06 18:52:54:905,0.1338648222782502
63,0.8484,1.4817,9.0672,0.445,0.8332,9.761000000000001,0.3902,0.0197,-0.511,-0.1668,0.2941,-0.0576,0.0,-19.98,30.39,-29.3,28.93,-5.83,-3.51,2,33.255,23.546991000000002,87.29256,83.22,,4.75,10.374194000000001,42.7,14 / 18,31515,2020-02-06 18:52:55:401,0.12767569836512815
64,0.5851,0.7132,9.0384,0.4648,0.6772,9.7722,0.2297,0.8179,-1.2467,-0.0507,0.2153,-0.0661,0.0,-20.19,28.97,-28.82,29.82,-4.86,-3.81,2,28.976999999999997,23.547007,87.29256,84.0,,3.89,10.374194000000001,35.6,14 / 20,32015,2020-02-06 18:52:55:901,0.12142635938957035
65,0.3409,-0.1703,8.7104,0.6939,0.498,9.7694,-0.1961,-0.2194,-1.4794,0.0921,-0.1533,0.11599999999999999,0.0,-20.26,31.29,-27.55,28.97,-2.91,-4.06,2,31.247,23.547007,87.29256,84.0,,3.89,10.374194000000001,35.6,14 / 20,32516,2020-02-06 18:52:56:402,0.12125173715863094
66,-0.4109,-0.6061,12.9649,0.5875,0.3131,9.783999999999999,-0.2351,-0.2889,-2.7867,0.4095,-0.6113,0.1863,0.0,-20.7,30.0,-27.7,31.95,-1.83,-3.44,2,30.622,23.547016,87.29256,83.91,,3.46,10.374194000000001,35.6,13 / 19,33015,2020-02-06 18:52:56:901,0.12334074817422741
67,0.9586,0.0739,13.5156,0.4736,0.8133,9.7614,0.2921,-0.0461,2.1679,0.0718,0.0182,-0.0363,0.0,-18.69,29.24,-27.89,28.88,-4.31,-3.69,2,33.039,23.547016,87.29256,83.91,,3.46,10.374194000000001,35.6,13 / 19,33515,2020-02-06 18:52:57:401,0.11822372804792287
68,0.9538,2.3173,8.2436,0.4847,1.0732,9.7357,-0.0245,0.9404,-1.4787,0.0931,-0.1362,-0.0736,0.0,-18.27,31.25,-28.92,26.82,-5.66,-1.81,2,29.541999999999998,23.547028,87.292564,85.76,,4.07,10.374194000000001,28.5,14 / 20,34015,2020-02-06 18:52:57:901,0.11208617855314398
69,0.4606,1.1321,10.5636,0.7407,0.8325,9.7431,-0.3288,0.0466,1.6003,-0.13699999999999998,0.0267,-0.1801,0.0,-22.57,28.29,-29.15,34.21,-4.87,-4.35,2,33.191,23.547028,87.292564,85.76,,4.07,10.374194000000001,28.5,14 / 20,34515,2020-02-06 18:52:58:401,0.10275321650130374
70,0.4606,0.4977,9.6825,0.7142,1.0557,9.7235,-0.0881,-0.3136,-0.8768,-0.0933,0.1322,0.0116,0.0,-17.83,28.32,-28.67,26.98,-6.18,-4.2,2,30.895,23.54704,87.292564,85.21,,4.25,10.374194000000001,28.5,11 / 18,35016,2020-02-06 18:52:58:902,0.09984622414335476
71,0.2762,0.6293,8.3776,0.5833,0.8127,9.7555,0.4683,-0.2078,-0.8846,-0.1008,0.2505,-0.1577,0.0,-21.44,28.4,-29.38,31.41,-5.0,-4.5,2,35.472,23.54704,87.292564,85.21,,4.25,10.374194000000001,28.5,11 / 18,35516,2020-02-06 18:52:59:402,0.09164495062900556
72,0.3002,0.5312,9.4718,0.7296,1.0918,9.7183,-0.3973,-0.451,-0.8715,0.156,-0.0009,0.1565,0.0,-20.77,27.56,-27.86,32.1,-5.32,-3.61,2,30.543000000000003,23.547051999999997,87.29258,83.91,,3.85,10.374194000000001,28.5,13 / 20,36015,2020-02-06 18:52:59:901,0.093707306905242
73,2.3161,0.6533,11.9259,0.3483,0.5757,9.7835,0.6659999999999999,-0.5563,3.7271,0.1187,0.8449,-0.228,0.0,-21.52,27.75,-29.73,35.11,-3.37,-2.04,2,30.651,23.547051999999997,87.29258,83.91,,3.85,10.374194000000001,28.5,13 / 20,36516,2020-02-06 18:53:00:402,0.08349058057109761
74,0.5396,1.2447,11.4398,0.4129,1.0739,9.7389,0.3315,-0.8208,3.2004,-0.0976,0.3325,0.3099,0.0,-19.66,29.66,-28.79,29.55,-6.29,-2.43,2,31.171,23.547064000000002,87.29258,82.13,,4.03,10.374194000000001,28.5,13 / 20,37018,2020-02-06 18:53:00:904,0.09067201392352195
75,0.3648,1.3572,11.5859,0.5532,1.2347,9.7129,-0.0482,0.2275,1.7419,0.2156,-0.0414,-0.0193,0.0,-19.28,27.01,-30.8,30.54,-6.37,-2.01,2,28.491999999999997,23.547064000000002,87.29258,82.13,,4.03,10.374194000000001,28.5,13 / 20,37515,2020-02-06 18:53:01:401,0.08718785975636707
76,0.882,1.7929,8.5189,0.36200000000000004,0.8837,9.76,0.2241,0.6767,-0.5905,-0.1135,0.0683,-0.0928,0.0,-19.27,26.65,-30.43,30.0,-5.79,-3.16,2,33.705,23.547075,87.29259,80.29,,4.32,10.374194000000001,32.6,13 / 20,38015,2020-02-06 18:53:01:901,0.08149162777709229
77,0.4606,0.8281,9.6011,0.546,0.8554,9.754,-0.2578,-0.0313,-1.3077,0.1112,-0.3589,-0.0288,0.0,-20.93,28.36,-27.74,32.52,-5.0,-3.2,2,30.67,23.547075,87.29259,80.29,,4.32,10.374194000000001,32.6,13 / 20,38516,2020-02-06 18:53:02:402,0.07800468262537921
78,0.8484,0.8113,8.9044,0.8569,0.8302,9.7338,-0.2341,-0.015,-0.9429,-0.0464,-0.24600000000000002,-0.0842,0.0,-23.91,26.58,-27.65,36.08,-4.86,-5.03,2,35.324,23.547089,87.29259,80.27,,3.53,10.374194000000001,32.6,13 / 20,39016,2020-02-06 18:53:02:902,0.07288136655389747
79,0.4414,0.5264,6.9914,0.3483,0.9431,9.755,0.4089,-0.5267,-1.376,0.222,-0.1096,0.4324,0.0,-19.62,29.09,-30.02,30.73,-5.52,-2.05,2,33.031,23.547089,87.29259,80.27,,3.53,10.374194000000001,32.6,13 / 20,39515,2020-02-06 18:53:03:401,0.08422676562934178
80,-0.9879,-0.2134,13.36,0.1209,1.1185,9.7419,0.0563,-0.5759,-1.7275,0.5522,-0.2417,-0.179,0.0,-19.04,28.22,-30.11,33.64,-1.44,0.24,2,36.941,23.547098000000002,87.29259499999999,79.93,,3.71,10.374194000000001,32.6,12 / 19,40016,2020-02-06 18:53:03:902,0.07592705613924418
81,-0.7437,1.9725,11.5787,0.2777,1.1845,9.7309,0.6702,-0.0542,2.5683,0.4361,-0.0968,-0.0267,0.0,-23.79,25.67,-30.29,38.09,-6.94,-1.63,2,30.248,23.547098000000002,87.29259499999999,79.93,,3.71,10.374194000000001,32.6,12 / 19,40516,2020-02-06 18:53:04:402,0.07269371457501939
82,-0.2361,1.1369,10.5228,0.3637,1.0759,9.7407,-0.6793,0.1165,0.5367,0.1379,0.0896,0.1086,0.0,-21.04,25.81,-28.26,34.51,-6.3,-2.14,2,31.506999999999998,23.547107999999998,87.29259499999999,77.83,,3.74,10.374194000000001,32.6,12 / 18,41015,2020-02-06 18:53:04:901,0.07382413003572667
83,0.4774,1.5487,9.7112,0.3134,0.9699,9.7535,0.4906,0.3746,1.0323,0.0814,0.0502,0.295,0.0,-20.68,26.15,-29.62,34.13,-5.58,-2.67,2,34.876999999999995,23.547107999999998,87.29259499999999,77.83,,3.74,10.374194000000001,32.6,12 / 18,41516,2020-02-06 18:53:05:402,0.08078242745647185
84,-0.1475,0.7586,9.4215,0.2408,1.0296,9.7495,-0.2864,-0.0596,-0.7466,-0.1583,-0.0052,-0.0363,0.0,-20.0,28.18,-30.27,31.81,-6.03,-1.42,2,32.155,23.547117,87.29259499999999,78.75,,3.96,10.374194000000001,38.2,13 / 19,42015,2020-02-06 18:53:05:901,0.0771013655257398
85,0.6976,0.8089,9.3114,0.5202,1.1513,9.7249,0.2014,-0.4843,-0.8173,0.0228,0.0438,-0.244,0.0,-22.93,26.33,-28.53,36.11,-6.74,-3.06,2,35.546,23.547117,87.29259499999999,78.75,,3.96,10.374194000000001,38.2,13 / 19,42515,2020-02-06 18:53:06:401,0.06701215663493351
86,0.5707,1.0076,6.7807,0.7868,0.9511,9.7287,-0.1775,-0.9134,1.1767,0.0654,0.19399999999999998,0.0649,0.0,-20.85,27.55,-28.03,31.28,-5.57,-4.62,2,31.51,23.547129,87.2926,80.07,,3.82,10.374194000000001,38.1,14 / 19,43017,2020-02-06 18:53:06:903,0.06694582954154304
87,-0.2505,0.4665,9.23,0.608,0.9025,9.7461,0.8068,-0.1664,2.12,0.3211,0.031,-0.0651,0.0,-20.79,27.67,-29.2,31.99,-5.28,-3.57,2,31.249000000000002,23.547129,87.2926,80.07,,3.82,10.374194000000001,38.1,14 / 19,43515,2020-02-06 18:53:07:401,0.06280149559817438
88,1.4949,0.1673,13.3959,0.2115,0.9454,9.7587,-0.6732,-1.4616,0.5706,-0.154,-0.0776,0.1214,0.0,-21.02,27.47,-27.29,34.58,-6.17,-0.99,2,33.253,23.547136,87.29261,80.63,,3.31,10.374194000000001,38.2,13 / 19,44015,2020-02-06 18:53:07:901,0.06463971007699583
89,1.0472,1.3261,11.7463,0.5415,0.8738,9.7526,0.4546,0.4861,1.7719,0.1325,-0.1362,-0.1481,0.0,-20.69,28.85,-27.11,31.81,-5.11,-3.18,2,28.868000000000002,23.547136,87.29261,80.63,,3.31,10.374194000000001,38.2,13 / 19,44516,2020-02-06 18:53:08:402,0.05796931868863804
90,0.7407,1.3716,10.9514,0.7121,1.0346,9.7259,-0.0051,0.4669,-0.0668,-0.0603,-0.0926,0.1118,0.0,-22.49,25.16,-28.66,35.22,-6.06,-4.19,2,30.285,23.547144,87.29262,82.81,,3.67,10.374194000000001,31.2,13 / 18,45016,2020-02-06 18:53:08:902,0.059656409314554314
91,0.8149,1.3716,8.1598,0.5878,1.1129,9.7256,-0.4014,-0.2829,-1.5582,-0.023,0.162,0.1384,0.0,-20.79,26.09,-28.28,33.24,-6.38,-3.85,2,35.159,23.547144,87.29262,82.81,,3.67,10.374194000000001,31.2,13 / 18,45518,2020-02-06 18:53:09:404,0.062123251881121694
92,0.7623,0.7874,6.9746,0.6065,1.2937,9.702,0.0447,0.0502,-1.1066,-0.2627,-0.0787,-0.0384,0.0,-23.23,25.89,-29.56,35.59,-8.05,-2.75,2,29.489,23.54715,87.292625,82.11,,3.1,10.374194000000001,32.0,13 / 19,46017,2020-02-06 18:53:09:903,0.058975346976563585
93,0.6449,0.7108,9.5412,0.5928,1.0635,9.7308,-0.18,-0.7172,-1.1103,0.1592,-0.2076,0.3685,0.0,-18.23,26.68,-28.9,28.3,-6.23,-3.49,2,32.010999999999996,23.54715,87.292625,82.11,,3.1,10.374194000000001,32.0,13 / 19,46516,2020-02-06 18:53:10:402,0.06866458586745827
94,0.9706,1.2973,12.2203,0.8309,1.0519,9.7146,0.5739,-0.6042,3.5383,-0.3681,-0.3834,-0.243,0.0,-18.61,28.38,-28.27,29.68,-5.82,-2.92,2,32.146,23.547155,87.292625,83.26,,3.78,10.374194000000001,31.6,14 / 20,47015,2020-02-06 18:53:10:901,0.05891174667783042
95,0.1182,1.7211,11.7487,0.1819,1.0044,9.7534,0.1046,0.551,1.7493,0.0686,0.2707,0.3429,0.0,-20.5,27.65,-29.9,32.12,-5.88,-1.07,2,37.717,23.547155,87.292625,83.26,,3.78,10.374194000000001,31.6,14 / 20,47516,2020-02-06 18:53:11:402,0.06779562115411496
96,-0.126,1.3859,10.2595,0.4327,1.3635,9.7018,-0.2465,0.1326,-0.7512,0.3072,-0.2087,-0.0789,0.0,-19.62,27.61,-30.05,31.23,-6.87,-1.75,2,33.145,23.547165,87.29263,84.68,,4.18,10.374194000000001,32.9,13 / 19,48015,2020-02-06 18:53:11:901,0.06320801324100635
97,-0.2864,1.1202,12.0384,0.3153,1.0589,9.7442,-0.4585,0.1411,1.9795,-0.2467,0.064,0.0436,0.0,-21.08,26.48,-29.22,34.61,-6.2,-1.85,2,36.045,23.547165,87.29263,84.68,,4.18,10.374194000000001,32.9,13 / 19,48516,2020-02-06 18:53:12:402,0.06259498852625595
98,0.7120000000000001,0.6964,10.2188,0.2812,1.4351,9.697000000000001,-0.3755,-0.7077,-1.1828,0.0452,-0.1021,0.1618,0.0,-18.36,26.61,-30.4,28.28,-6.98,-0.15,2,31.070999999999998,23.547173,87.29264,85.64,,3.78,10.374194000000001,33.0,13 / 18,49015,2020-02-06 18:53:12:901,0.06569569673167498
99,0.5324,0.7802,8.902000000000001,0.4253,1.6531,9.657,-0.3751,-0.7124,-3.3012,0.0313,-0.2918,-0.0651,0.0,-19.6,24.65,-31.32,34.35,-6.87,-0.88,2,32.378,23.547173,87.29264,85.64,,3.78,10.374194000000001,33.0,13 / 18,49515,2020-02-06 18:53:13:401,0.06160863861460911
100,0.37200000000000005,1.5775,6.3905,0.4231,1.246,9.718,0.0153,0.1174,-2.8012,-0.1924,-0.2534,0.1437,0.0,-17.91,26.12,-31.02,30.18,-7.63,-1.09,2,31.493000000000002,23.547176,87.29265,84.38,,3.24,10.374194000000001,33.0,14 / 20,50015,2020-02-06 18:53:13:901,0.06417319128580626
101,0.6952,1.2087,10.8556,0.2777,0.7020000000000001,9.7775,0.6703,-0.021,2.2791,0.1006,0.1567,-0.2131,0.0,-18.02,27.2,-29.42,30.59,-4.11,-1.63,2,32.743,23.547176,87.29265,84.38,,3.24,10.374194000000001,33.0,14 / 20,50516,2020-02-06 18:53:14:402,0.055513046012242315
102,0.6306,2.0371,11.5428,0.318,1.2830000000000001,9.7172,0.2494,-0.5753,2.7797,-0.2776,-0.0041,0.2982,0.0,-21.41,25.78,-29.43,33.88,-7.13,-2.32,2,31.721999999999998,23.547179999999997,87.29265600000001,85.67,,2.7,10.374194000000001,41.8,13 / 19,51016,2020-02-06 18:53:14:902,0.0630913634814582
103,0.8724,1.2423,11.4925,0.379,1.0343,9.7446,0.1646,0.3992,1.5714,0.091,-0.2641,-0.0448,0.0,-18.95,26.02,-30.46,31.0,-6.39,-2.66,2,32.900999999999996,23.547179999999997,87.29265600000001,85.67,,2.7,10.374194000000001,41.8,13 / 19,51516,2020-02-06 18:53:15:402,0.05972293224930684
104,0.0464,0.8783,10.8245,0.4488,0.9113,9.7539,-0.1329,-0.0687,1.3052,0.0942,0.1823,0.2375,0.0,-21.27,26.06,-30.09,34.27,-5.33,-2.63,2,34.141,23.547186,87.29265600000001,86.21,,3.67,10.374194000000001,41.6,13 / 18,52016,2020-02-06 18:53:15:902,0.0652722119315594
105,0.0225,1.508,9.3832,0.4674,1.0832,9.7354,-0.1306,0.2802,-0.8684,0.0143,-0.1426,0.0809,0.0,-20.55,26.71,-30.58,32.59,-6.77,-2.65,2,34.15,23.547186,87.29265600000001,86.21,,3.67,10.374194000000001,41.6,13 / 18,52516,2020-02-06 18:53:16:402,0.06575994608679166
106,0.147,0.9789,8.3106,0.5014,1.1286,9.7286,-0.452,-0.0842,0.0029,0.0367,0.0545,-0.08,0.0,-22.89,26.21,-29.32,36.14,-5.85,-3.57,2,32.192,23.547194,87.29266,85.24,,4.32,10.374194000000001,41.5,13 / 19,53015,2020-02-06 18:53:16:901,0.06121160268509683
107,1.8851,1.5008,7.9658,0.4638,1.4666,9.6853,0.3637,-0.0244,-0.8628,0.0558,-0.0212,0.0958,0.0,-18.3,25.61,-31.75,29.42,-8.45,-1.44,2,28.544,23.547194,87.29266,85.24,,4.32,10.374194000000001,41.5,13 / 19,53516,2020-02-06 18:53:17:402,0.06229074619928249
108,-0.3582,0.1745,10.802999999999999,0.5965,1.3802,9.6907,0.5783,0.1815,-0.6539,-0.0422,-0.2246,-0.0448,0.0,-20.24,25.88,-30.41,31.02,-8.09,-3.52,2,34.503,23.547203,87.29267,85.28,,3.89,10.374194000000001,41.5,12 / 18,54016,2020-02-06 18:53:17:902,0.058950038402495374
109,0.8892,1.7834,5.6004,0.2279,1.306,9.7166,0.4125,-0.7039,4.1459,0.5448,0.1056,0.2375,0.0,-17.06,24.82,-31.52,29.18,-7.65,-1.34,2,33.781,23.547203,87.29267,85.28,,3.89,10.374194000000001,41.5,12 / 18,54516,2020-02-06 18:53:18:402,0.0645191753843644
110,1.7654,1.7642,12.1198,0.5837,0.884,9.7493,0.6864,0.8081,1.7990000000000002,-0.7293,-0.1533,-0.6371,0.0,-19.04,26.88,-30.07,28.99,-7.58,-3.56,2,33.802,23.547213,87.29268,84.82,,4.21,10.374194000000001,41.6,13 / 18,55016,2020-02-06 18:53:18:902,0.042637792710369174
111,-0.624,1.6684,12.8069,0.3194,1.0054,9.7497,0.6791,-0.1293,3.3338,-0.3404,-0.23,0.1959,0.0,-19.48,26.44,-30.94,31.91,-5.37,-1.89,2,34.029,23.547213,87.29268,84.82,,4.21,10.374194000000001,41.6,13 / 18,55518,2020-02-06 18:53:19:404,0.04741701157972175
112,0.1709,1.3644,9.1127,0.4214,1.1707,9.7274,-0.1805,0.2059,-0.7349,0.1038,-0.2364,-0.0022,0.0,-16.94,26.85,-29.98,28.39,-6.16,-1.39,2,37.339,23.547220000000003,87.29269000000001,87.56,,4.07,10.374194000000001,41.5,12 / 18,56016,2020-02-06 18:53:19:902,0.045869962350547425
113,0.3983,1.5032,9.8429,0.3387,0.8184,9.7666,-0.0366,0.6294,-1.1862,-0.0826,-0.0031,0.1022,0.0,-18.47,27.52,-28.91,29.0,-4.88,-2.21,2,33.611999999999995,23.547220000000003,87.29269000000001,87.56,,4.07,10.374194000000001,41.5,12 / 18,56515,2020-02-06 18:53:20:401,0.04762613908463322
114,1.3369,1.8025,9.1606,0.1587,1.2057,9.731,0.6779,0.2831,-0.5719,-0.0166,-0.0105,-0.0384,0.0,-15.65,27.85,-31.26,26.13,-7.01,-0.92,2,31.862,23.547228,87.29269000000001,86.88,,4.57,10.374194000000001,41.5,14 / 20,57016,2020-02-06 18:53:20:902,0.04494440299638051
115,0.6761,0.9143,8.4974,0.5801,0.8824,9.7496,0.5703,0.3929,-1.2147,0.2082,-0.2843,0.0926,0.0,-18.86,27.04,-29.03,32.01,-3.94,-1.74,2,35.829,23.547228,87.29269000000001,86.88,,4.57,10.374194000000001,41.5,14 / 20,57515,2020-02-06 18:53:21:401,0.04642985818371832
116,-0.2242,0.6557,9.2036,0.6745,1.3168,9.6944,-0.5095,-0.4389,-1.0944,0.0484,-0.1725,0.1586,0.0,-19.95,26.0,-30.44,30.81,-7.72,-3.98,2,38.641,23.547235,87.292694,85.97,,4.43,10.374194000000001,41.5,12 / 16,58015,2020-02-06 18:53:21:901,0.04992597064190613
117,2.3305,0.8305,12.7734,0.8778,1.0773,9.7077,-0.7203,-0.8671,-0.8763,0.4351,-0.11599999999999999,0.165,0.0,-20.2,26.3,-30.27,30.42,-6.31,-5.17,2,34.489000000000004,23.547235,87.292694,85.97,,4.43,10.374194000000001,41.5,12 / 16,58515,2020-02-06 18:53:22:401,0.05351230047787135
118,0.111,2.0371,9.9985,0.2684,1.1003,9.741,0.0554,0.9111,1.4729,-0.4981,0.1716,0.1043,0.0,-18.46,25.11,-31.13,31.08,-7.68,-1.89,2,35.544000000000004,23.547247,87.2927,87.98,,4.36,10.374194000000001,41.5,14 / 20,59016,2020-02-06 18:53:22:902,0.055094999713061546
119,0.5133,2.4561,11.1525,0.4482,1.3472,9.7033,-0.0401,0.1912,1.7126,0.2774,-0.3024,-0.0139,0.0,-17.93,27.3,-30.96,29.54,-6.57,-1.4,2,31.462,23.547247,87.2927,87.98,,4.36,10.374194000000001,41.5,14 / 20,59515,2020-02-06 18:53:23:401,0.052945059236522436
120,0.1422,1.1058,12.3113,0.3123,1.1761,9.7309,0.6477,0.4878,1.5737,0.20600000000000002,0.047,0.3302,0.0,-21.26,24.64,-29.81,35.1,-6.89,-1.84,2,36.26,23.547256,87.29271,89.99,,4.54,10.374194000000001,41.4,14 / 19,60015,2020-02-06 18:53:23:901,0.06158396989903268
121,0.6186,1.2423,9.127,0.6088,0.9625,9.7403,-0.39,0.1728,-0.23800000000000002,0.1368,-0.083,-0.0203,0.0,-21.06,27.49,-28.47,32.86,-5.63,-3.58,2,36.66,23.547256,87.29271,89.99,,4.54,10.374194000000001,41.4,14 / 19,60515,2020-02-06 18:53:24:401,0.05903273037963275
122,0.2403,0.7036,9.1582,0.4737,1.2186,9.7191,0.3252,0.2534,-0.8176,-0.0454,0.3091,-0.1929,0.0,-21.79,24.29,-28.73,36.39,-6.11,-3.9,2,37.754,23.547264000000002,87.29271999999999,91.37,,4.36,10.374194000000001,40.0,13 / 20,61016,2020-02-06 18:53:24:902,0.05118378570476279
123,1.0591,1.1489,7.9658,0.5158,1.2496,9.713,0.3374,-0.1601,-1.7148,-0.1444,0.0481,0.2172,0.0,-20.15,26.86,-30.55,30.44,-8.01,-3.03,2,30.151,23.547264000000002,87.29271999999999,91.37,,4.36,10.374194000000001,40.0,13 / 20,61515,2020-02-06 18:53:25:401,0.056355721020146854
124,0.2164,0.5025,7.0943,0.6935,1.3773,9.6847,-0.4394,-0.9665,-1.7175,-0.187,-0.1011,-0.0725,0.0,-19.49,24.63,-30.31,29.97,-8.07,-4.1,2,33.426,23.547273999999998,87.29271999999999,90.78,,4.28,10.374194000000001,39.8,12 / 18,62015,2020-02-06 18:53:25:901,0.05234166282776992
125,0.0512,-0.2613,9.6083,0.5075,0.9972,9.7426,-0.478,-1.103,-0.7015,0.0367,0.0065,0.131,0.0,-21.53,25.92,-30.05,35.11,-5.84,-2.98,2,31.619,23.547273999999998,87.29271999999999,90.78,,4.28,10.374194000000001,39.8,12 / 18,62515,2020-02-06 18:53:26:401,0.0547918738366148
126,-0.1356,1.3428,9.2827,0.3494,0.857,9.7629,-0.1829,0.8128,0.1173,-0.3788,0.3879,-0.1045,0.0,-19.65,26.23,-29.53,34.71,-3.7,-1.26,2,38.959,23.547283,87.292725,87.56,,3.85,10.374194000000001,32.0,13 / 20,63016,2020-02-06 18:53:26:902,0.04983015198300597
127,0.2715,0.1218,13.36,0.4172,0.8873,9.7575,-0.46399999999999997,0.4129,2.147,0.1666,0.17800000000000002,0.2567,0.0,-20.26,27.2,-29.33,32.06,-4.96,-2.96,2,34.745,23.547283,87.292725,87.56,,3.85,10.374194000000001,32.0,13 / 20,63516,2020-02-06 18:53:27:402,0.0562735844120898
128,0.6952,1.2878,9.8333,0.7232,0.7961,9.7475,0.1927,0.4602,0.1088,0.1368,0.0246,0.1011,0.0,-16.58,29.8,-29.3,25.06,-4.35,-3.78,2,34.603,23.547293,87.29273,87.46,,4.43,10.374194000000001,26.0,13 / 20,64016,2020-02-06 18:53:27:902,0.057669748723738805
129,1.0424,1.3548,9.4048,0.7079,1.1273,9.7159,0.4581,0.6056,-0.365,-0.0166,0.4486,-0.0342,0.0,-15.75,29.4,-31.37,22.87,-6.6,-4.17,2,36.407,23.547293,87.29273,87.46,,4.43,10.374194000000001,26.0,13 / 20,64516,2020-02-06 18:53:28:402,0.05480848057477941
130,0.1254,0.5144,8.3752,0.7303,0.5117,9.766,0.2258,1.0664,0.6782,-0.0699,0.0182,0.1586,0.0,-12.41,33.51,-29.61,15.06,-4.0,-4.32,2,30.336,23.547304,87.29275,88.57,,4.79,10.374194000000001,24.3,12 / 18,65016,2020-02-06 18:53:28:902,0.058040935105471675
131,0.9586,1.3763,9.5771,0.2748,0.8151,9.7688,0.27899999999999997,0.4161,-0.6557,-0.0251,0.4539,0.2375,0.0,-10.06,33.2,-30.07,12.88,-4.9,-3.56,2,35.214,23.547304,87.29275,88.57,,4.79,10.374194000000001,24.3,12 / 18,65515,2020-02-06 18:53:29:401,0.0636297718907398
132,0.9083,0.0547,8.1358,0.3027,0.5874,9.7844,0.268,-0.6344,-2.0351,-0.1828,0.0576,0.5826,0.0,2.44,33.33,-32.24,355.18,-4.73,-1.79,2,39.268,23.547314,87.29275,88.67,,2.95,10.374194000000001,11.5,13 / 20,66016,2020-02-06 18:53:29:902,0.07979138970532834
133,-0.7868,0.0691,7.3457,0.5763,0.3623,9.783,-0.593,-0.4929,-0.6569,-0.154,-0.5815,0.6828,0.0,9.65,34.82,-29.63,341.96,-2.12,-3.37,2,29.386999999999997,23.547314,87.29275,88.67,,2.95,10.374194000000001,11.5,13 / 20,66516,2020-02-06 18:53:30:402,0.0985695524770838
134,-1.0979999999999999,0.4378,10.4678,0.1398,0.7171,9.7794,-0.9668,-1.2278,-1.1603,-0.251,0.0012,0.6881,0.0,19.49,30.38,-30.27,327.8,-2.51,-1.33,2,37.405,23.547323000000002,87.29275,88.82,,3.56,10.374194000000001,345.9,12 / 18,67018,2020-02-06 18:53:30:904,0.11692748664431449
135,-2.0701,-1.5997,10.0679,0.3795,0.4734,9.7879,-1.4759,-1.1398,-0.2494,0.45,-0.3759,1.1866,0.0,24.81,25.95,-29.04,316.3,-2.77,-2.22,2,29.503,23.547323000000002,87.29275,88.82,,3.56,10.374194000000001,345.9,12 / 18,67515,2020-02-06 18:53:31:401,0.15023614369150048
136,-0.4109,1.0364,11.052,-0.1448,0.9432,9.7601,0.9026,0.0366,5.3279,0.5299,0.5253,1.1834,0.0,33.52,11.56,-29.64,293.29,-4.72,0.73,2,33.816,23.547333,87.29273,86.79,,4.14,10.374194000000001,312.3,12 / 18,68015,2020-02-06 18:53:31:901,0.18240716893921072
137,0.2284,-0.1416,17.2242,0.2378,0.5774,9.7868,0.4259,-0.1385,3.3097,-0.2201,-0.1117,0.0127,0.0,34.57,2.47,-28.92,275.84,-3.38,-1.39,2,34.352,23.547333,87.29273,86.79,,4.14,10.374194000000001,312.3,12 / 18,68515,2020-02-06 18:53:32:401,0.17712288744371135
138,-0.3654,1.3907,10.5779,-0.1982,1.3776,9.7074,0.7258,-0.9119,2.2484,0.4766,0.5775,0.4516,0.0,35.33,-3.78,-29.3,266.06,-3.13,-1.34,2,33.202,23.547335,87.292725,85.04,,5.11,10.374194000000001,337.4,13 / 19,69016,2020-02-06 18:53:32:902,0.18566927455949644
139,1.1382,1.18,10.7096,0.2252,0.9522,9.7577,1.4639,-0.0651,2.5367,-0.0166,0.586,-0.2472,0.0,33.49,-13.26,-29.65,253.75,-6.21,-0.62,2,32.269,23.547335,87.292725,85.04,,5.11,10.374194000000001,337.4,13 / 19,69516,2020-02-06 18:53:33:402,0.17219130643968633
140,1.3058,1.4386,8.629,-0.1485,0.8926,9.7648,0.8748,-0.4671,1.5262,-0.10400000000000001,0.8662,0.3493,0.0,32.1,-17.53,-28.06,244.1,-5.22,0.87,2,36.394,23.547337,87.29271,88.02,,4.97,10.374194000000001,315.0,12 / 17,70015,2020-02-06 18:53:33:901,0.1777057198420026
141,0.1709,0.4067,8.7966,0.0534,0.7754,9.7758,0.1205,-0.2743,-0.7987,0.0058,-0.0979,-0.1599,0.0,30.05,-21.45,-29.57,238.37,-4.54,-0.31,2,33.986999999999995,23.547337,87.29271,88.02,,4.97,10.374194000000001,315.0,12 / 17,70516,2020-02-06 18:53:34:402,0.16719429671661085
142,1.3441,0.627,8.6961,-0.0772,0.5723,9.7896,0.9825,-0.0206,1.6295,0.4393,0.2867,0.3387,0.0,29.96,-18.95,-29.35,238.65,-0.39,-1.75,2,34.107,23.54734,87.2927,90.5,,4.97,10.374194000000001,303.0,14 / 20,71016,2020-02-06 18:53:34:902,0.1725340727680306
143,1.6385,1.1154,9.9387,0.0966,0.4652,9.7951,1.3238,0.5847,0.3243,0.0867,0.324,0.2737,0.0,27.96,-24.75,-26.57,229.41,-1.89,-0.27,2,30.485,23.54734,87.2927,90.5,,4.97,10.374194000000001,303.0,14 / 20,71516,2020-02-06 18:53:35:402,0.1756837927162672
144,0.7838,0.2367,7.0393,0.2633,0.6094,9.7842,0.8738,-0.0379,-2.1157,0.0377,0.19399999999999998,-0.1854,0.0,29.25,-24.31,-25.45,232.33,-2.15,-2.12,2,33.438,23.54734,87.29269000000001,85.9,,5.36,10.374194000000001,268.6,10 / 14,72015,2020-02-06 18:53:35:901,0.16444190391820432
145,0.2451,-0.053,5.5477,0.1612,0.1807,9.8037,0.6877,0.3723,-3.3953,-0.0741,-0.051,0.1959,0.0,28.9,-24.22,-26.24,231.36,-1.06,-0.94,2,37.7,23.54734,87.29269000000001,85.9,,5.36,10.374194000000001,268.6,10 / 14,72515,2020-02-06 18:53:36:401,0.16542129857498655
146,0.2954,0.1146,8.2077,0.4227,0.3818,9.7901,-0.08900000000000001,-0.2177,-0.7588,0.0825,0.0545,0.0937,0.0,29.53,-22.96,-25.44,234.74,-3.2,-1.31,2,29.485,23.54733,87.29267,85.5,,4.93,10.374194000000001,238.8,14 / 20,73015,2020-02-06 18:53:36:901,0.16318840608214072
147,1.0903,-0.3307,8.7727,0.3888,0.2841,9.7948,0.3319,-0.0536,-2.3165,-0.3458,0.3218,0.2162,0.0,26.58,-26.83,-25.81,227.97,-3.73,-2.49,2,31.703000000000003,23.54733,87.29267,85.5,,4.93,10.374194000000001,238.8,14 / 20,73516,2020-02-06 18:53:37:402,0.1648387910155082
148,0.6497,-0.9101,9.2803,0.3288,0.2117,9.7988,0.7956,-0.3923,-1.1474,0.0526,-0.59,0.1778,0.0,27.17,-25.13,-27.21,228.74,-1.93,-0.98,2,33.595,23.547320000000003,87.29265600000001,89.43,,3.92,10.374194000000001,234.1,13 / 19,74016,2020-02-06 18:53:37:902,0.16524230161094067
149,1.2172,-0.8479,10.7575,0.4708,0.3719,9.7883,0.0552,-0.3981,-1.9562,-0.2424,0.0438,0.0329,0.0,25.88,-26.64,-27.18,226.36,-2.17,-2.75,2,37.071,23.547320000000003,87.29265600000001,89.43,,3.92,10.374194000000001,234.1,13 / 19,74515,2020-02-06 18:53:38:401,0.16112224238525635
150,1.0735,0.4857,10.8125,0.3026,0.0837,9.8016,-0.4052,-1.4224,5.3973,0.6599,-0.3695,0.7637,0.0,26.64,-25.61,-27.3,228.78,-1.65,-4.06,2,29.649,23.547311999999998,87.29265,89.68,,3.67,10.374194000000001,233.1,13 / 19,75017,2020-02-06 18:53:38:903,0.17988140740355063
151,-1.4428,-1.2142,12.3664,0.1816,0.4807,9.7932,0.1651,-0.0351,-2.7774,0.3616,0.243,0.1288,0.0,26.03,-28.66,-26.16,222.62,-1.1,-0.5,2,29.494,23.547311999999998,87.29265,89.68,,3.67,10.374194000000001,233.1,13 / 19,75515,2020-02-06 18:53:39:401,0.17829118026705626
152,-0.6192,0.445,12.0432,0.0367,0.163,9.8052,0.6054,-0.0627,3.2153,0.1006,-0.0542,-0.2494,0.0,26.89,-29.58,-25.14,224.0,-2.32,-2.38,2,31.386,23.547302,87.29264,86.89,,4.82,10.374194000000001,229.8,13 / 19,76015,2020-02-06 18:53:39:901,0.16497674500499968
153,1.7583,1.5439,10.1374,0.3429,0.3956,9.7927,0.9372,0.56,2.2806,0.2316,-0.0606,0.017,0.0,26.16,-29.87,-24.1,222.72,-2.31,-2.01,2,31.427,23.547302,87.29264,86.89,,4.82,10.374194000000001,229.8,13 / 19,76515,2020-02-06 18:53:40:401,0.1603701258181947
154,1.6816,0.4402,13.7766,0.6921,0.3789,9.7749,0.0476,0.574,1.6634,0.3541,-0.0105,-0.0874,0.0,25.29,-30.1,-25.87,221.8,-1.68,-2.62,2,29.918000000000003,23.547293,87.29263,88.48,,4.72,10.374194000000001,230.0,14 / 20,77015,2020-02-06 18:53:40:901,0.15265692939751618
155,0.1374,-0.0291,10.4582,0.5446,0.3354,9.7858,0.1642,0.13,0.0624,0.1986,-0.1703,-0.0406,0.0,26.96,-28.98,-23.5,223.13,-2.09,-3.24,2,34.421,23.547293,87.29263,88.48,,4.72,10.374194000000001,230.0,14 / 20,77516,2020-02-06 18:53:41:402,0.14664079762571633
156,0.5085,0.5527,8.4375,0.6736,0.3105,9.7786,-0.4209,0.4108,0.2583,-0.0358,-0.0723,0.0148,0.0,22.4,-30.17,-23.32,218.29,-1.49,-3.15,2,29.146,23.547283,87.292625,90.12,,2.59,10.374194000000001,233.6,12 / 18,78015,2020-02-06 18:53:41:901,0.1425365921290829
157,0.8221,0.4474,8.4327,0.4261,0.6234,9.7775,0.0911,0.4121,-1.2436,0.3253,0.0406,0.0276,0.0,22.52,-30.83,-23.91,219.15,-2.05,-2.23,2,32.49,23.547283,87.292625,90.12,,2.59,10.374194000000001,233.6,12 / 18,78516,2020-02-06 18:53:42:402,0.1389586378560583
158,1.0017,1.8839,7.7863,0.7684,0.6802,9.7528,-0.2393,0.8607,-2.331,0.0058,-0.0318,0.1096,0.0,19.67,-32.18,-22.28,216.97,-5.15,-3.63,2,31.516,23.547279999999997,87.292625,85.12,,2.7,10.374194000000001,228.4,13 / 19,79015,2020-02-06 18:53:42:901,0.13804471458154433
159,0.6713,0.4522,7.6905,0.7542,1.1177,9.7135,-0.0072,-0.6189,-2.1823,-0.1231,0.0502,-0.3047,0.0,21.89,-32.22,-23.27,217.41,-4.42,-2.84,2,29.892,23.547279999999997,87.292625,85.12,,2.7,10.374194000000001,228.4,13 / 19,79515,2020-02-06 18:53:43:401,0.12426231781415083
160,1.1525,1.3332,7.6235,0.0531,0.7739,9.7759,-0.3916,-1.0296,0.3308,-0.0709,-0.4185,-0.0203,0.0,21.8,-33.77,-21.97,214.51,-4.53,-0.31,2,36.033,23.547272,87.29262,86.29,,4.36,10.374194000000001,229.6,11 / 18,80015,2020-02-06 18:53:43:901,0.11976219729945611
161,0.6904,-0.6468,15.917,0.423,0.7449,9.7692,-0.3961,-0.6769,-1.9109,-0.4193,0.2015,-0.6605,0.0,22.08,-32.56,-22.0,216.84,-4.25,-4.11,2,27.14,23.547272,87.29262,86.29,,4.36,10.374194000000001,229.6,11 / 18,80515,2020-02-06 18:53:44:401,0.09547332065864306
162,-1.0932,-0.946,13.2618,0.1328,0.547,9.7905,0.3913,-0.4141,2.8861,0.9102,-0.0808,0.3717,0.0,21.81,-32.13,-21.34,215.93,-3.04,-1.01,2,30.241,23.547264000000002,87.29261,84.87,,2.74,10.374194000000001,227.3,11 / 18,81015,2020-02-06 18:53:44:901,0.1040719739886016
163,0.9418,0.9214,10.7216,0.3616,0.6149,9.7807,0.3878,-0.1029,2.2515,-0.1412,0.1194,-0.1577,0.0,20.15,-35.16,-23.46,211.38,-4.01,-0.82,2,29.631,23.547264000000002,87.29261,84.87,,2.74,10.374194000000001,227.3,11 / 18,81515,2020-02-06 18:53:45:401,0.09592331684257376
164,0.1398,0.5863,11.8229,0.3098,0.2588,9.7983,-0.1766,0.4632,-0.0816,0.3019,0.1194,0.1789,0.0,23.82,-30.34,-24.48,220.11,-1.51,-1.81,2,29.926,23.547258,87.29261,88.49,,3.02,10.374194000000001,226.8,13 / 20,82015,2020-02-06 18:53:45:901,0.09850627377936967
165,0.1494,0.627,9.9243,0.335,0.1254,9.8001,0.1337,0.3146,-0.0461,-0.2105,0.0545,-0.1098,0.0,22.55,-30.23,-25.95,218.82,-0.73,-1.96,2,27.916,23.547258,87.29261,88.49,,3.02,10.374194000000001,226.8,13 / 20,82517,2020-02-06 18:53:46:403,0.09202199387980564
166,-0.0111,-0.0698,9.4646,0.5143,-0.109,9.7925,-0.4161,0.2227,-0.8916,-0.2371,0.0949,0.034,0.0,23.2,-28.61,-27.25,220.35,-0.58,-3.07,2,34.335,23.547249,87.29262,81.07,,3.06,13.832258,232.0,13 / 20,83015,2020-02-06 18:53:46:901,0.09021585781901346
167,1.0687,0.4713,7.9467,0.5465,0.4875,9.7793,0.1535,-0.1601,-1.7243,0.1123,-0.2183,0.3451,0.0,21.38,-29.7,-26.04,218.0,-3.46,-2.73,2,28.438000000000002,23.547249,87.29262,81.07,,3.06,13.832258,232.0,13 / 20,83517,2020-02-06 18:53:47:403,0.09814998467983946
168,0.9299,0.1074,9.6729,0.7344,0.6035,9.7605,0.3784,-0.1954,-0.9654,0.0324,-0.132,-0.0352,6.5003,22.96,-25.77,-23.97,224.64,-3.63,-2.93,2,31.938000000000002,23.54724,87.29262,87.14,,2.41,13.832258,227.6,12 / 19,84016,2020-02-06 18:53:47:902,0.09399903092960912
169,-0.3367,-0.6970000000000001,10.0823,0.7,0.2792,9.7776,-0.2449,-0.7098,-0.0412,-0.2382,-0.0446,0.3568,19.500999999999998,22.45,-24.02,-24.85,225.83,-2.32,-4.05,2,27.511999999999997,23.54724,87.29262,87.14,,2.41,13.832258,227.6,12 / 19,84516,2020-02-06 18:53:48:402,0.10217954456683173
170,2.6345,0.6796,9.4287,0.2551,0.1584,9.8021,-0.8515,-0.8396,-1.6804,-0.5695,0.4955,-0.7138,149.5076,22.29,-22.42,-21.42,228.12,-2.84,-4.07,2,31.81,23.547232,87.29262,89.07,,3.31,17.290323,229.4,9 / 15,85016,2020-02-06 18:53:48:902,0.07677966548480974
171,0.2595,1.3404,11.7271,0.5289,0.7787,9.7614,-0.2028,0.4162,1.265,0.2359,0.1546,0.2961,380.2694,22.37,-22.12,-18.38,228.06,-4.24,-3.47,2,25.923000000000002,23.547232,87.29262,89.07,,3.31,17.290323,229.4,9 / 15,85515,2020-02-06 18:53:49:401,0.08360666888780258
172,1.107,1.1656,12.1605,0.5257,0.8445,9.7561,0.0538,0.4907,-0.5156,-0.0027,0.0161,-0.2195,455.0232,20.76,-24.22,-15.53,223.97,-4.94,-3.08,2,30.523000000000003,23.547224,87.292625,88.57,,2.7,17.290323,229.2,12 / 20,86015,2020-02-06 18:53:49:901,0.07417158806597555
173,0.2595,1.2255,8.902000000000001,0.4411,0.5738,9.7799,-0.4372,0.0101,0.4804,0.0132,0.0385,0.1224,354.26800000000003,22.6,-23.05,-16.51,227.24,-3.41,-2.82,2,28.4,23.547224,87.292625,88.57,,2.7,17.290323,229.2,12 / 20,86515,2020-02-06 18:53:50:401,0.07567283479647864
174,0.6234,0.7443,8.3034,0.3778,0.6202,9.7797,0.2353,0.3008,-0.895,-0.0241,0.1226,-0.0022,61.7531,19.21,-24.72,-14.42,219.12,-3.63,-2.58,2,30.499000000000002,23.547216,87.29263,91.31,,1.15,17.290323,229.6,11 / 18,87022,2020-02-06 18:53:50:908,0.07324882628838524
175,0.8652,0.0978,10.1781,0.586,0.7953,9.7568,0.2584,-0.6832,-0.2298,-0.0816,-0.0105,-0.1481,19.500999999999998,21.11,-24.03,-12.92,223.42,-4.88,-3.14,2,33.191,23.547216,87.29263,91.31,,1.15,17.290323,229.6,11 / 18,87515,2020-02-06 18:53:51:401,0.06635874287208769
176,-0.0494,0.4617,8.2962,0.2065,0.8667,9.7661,-0.0191,-0.446,-2.8771,-0.2818,0.0608,0.3387,13.0007,21.11,-28.95,-14.19,221.79,-3.24,-1.79,2,31.269000000000002,23.547209,87.29263,92.82,,3.24,17.290323,228.3,10 / 28,88015,2020-02-06 18:53:51:901,0.07483608772575846
177,0.7503,0.9023,11.5835,0.4677,0.8142,9.7616,-0.415,0.0092,1.2822,0.4116,0.3613,-0.0352,6.5003,21.61,-30.64,-14.01,217.21,-4.76,-2.74,2,33.273,23.547209,87.29263,92.82,,3.24,17.290323,228.3,10 / 28,88515,2020-02-06 18:53:52:401,0.07141092853219785
178,0.4414,1.3692,9.7639,0.2456,0.8640000000000001,9.7654,0.3605,0.6874,1.1842,0.2444,0.2909,0.2737,0.0,21.27,-31.41,-14.22,215.83,-4.97,-1.96,2,30.465,23.5472,87.292625,93.32,,3.24,20.748388000000002,223.4,10 / 28,89016,2020-02-06 18:53:52:902,0.07770769081201127
179,-0.5689,0.6293,10.8437,0.484,0.8666,9.7563,-0.0616,0.7283,-0.4167,0.0995,-0.0382,-0.1279,0.0,20.39,-31.78,-15.57,213.68,-3.64,-2.35,2,33.084,23.5472,87.292625,93.32,,3.24,20.748388000000002,223.4,10 / 28,89515,2020-02-06 18:53:53:401,0.07130763834368438
180,0.4079,1.4314,8.6745,0.4921,0.9733,9.7458,0.2217,0.727,-1.288,-0.0411,0.0385,0.1043,0.0,23.64,-30.92,-16.49,221.07,-6.95,-2.48,2,32.616,23.547192000000003,87.29263,91.45,,2.41,20.748388000000002,219.9,11 / 17,90015,2020-02-06 18:53:53:901,0.07233460638293208
181,1.0232,0.4905,9.3617,0.7746,1.3394,9.6838,0.2414,-1.0023,-0.0086,-0.154,-0.1021,0.1214,0.0,21.78,-32.4,-15.84,218.27,-8.82,-4.7,2,29.934,23.547192000000003,87.29263,91.45,,2.41,20.748388000000002,219.9,11 / 17,90515,2020-02-06 18:53:54:401,0.07386188473421369
