,,,,,,,,,,,,,,,,,,,,,,,,,,,,,,
ACCELEROMETER X (m/s²),ACCELEROMETER Y (m/s²),ACCELEROMETER Z (m/s²),GRAVITY X (m/s²),GRAVITY Y (m/s²),GRAVITY Z (m/s²),LINEAR ACCELERATION X (m/s²),LINEAR ACCELERATION Y (m/s²),LINEAR ACCELERATION Z (m/s²),GYROSCOPE X (rad/s),GYROSCOPE Y (rad/s),GYROSCOPE Z (rad/s),LIGHT (lux),MAGNETIC FIELD X (μT),MAGNETIC FIELD Y (μT),MAGNETIC FIELD Z (μT),ORIENTATION Z (azimuth °),ORIENTATION X (pitch °),ORIENTATION Y (roll °),PROXIMITY (i),SOUND LEVEL (dB),LOCATION Latitude : ,LOCATION Longitude : ,LOCATION Altitude ( m),LOCATION Altitude-google ( m),LOCATION Speed ( Kmh),LOCATION Accuracy ( m),LOCATION ORIENTATION (°),Satellites in range,Time since start in ms ,YYYY-MO-DD HH-MI-SS_SSS
0.0064,6.7495,6.6889,0.1178,6.7861,7.0785,-0.0497,0.002,-0.0344,-0.005,-0.0059,0.0045,6318,15.07,-38.98,-25.96,236.18,-43.79,-0.95,5,45.603,23.550463,87.29023,83.87,NaN,0,10.374194,,24 / 37,5,2020-02-14 12:48:40:719
0.1975,6.6163,6.8709,0.1261,6.809,7.0563,-0.0139,0.1261,-0.0803,-0.0014,0.0013,-0.001,6700,14.59,-38.7,-26.07,236.28,-43.83,-1.03,5,50.926,23.550463,87.29023,83.87,NaN,0,10.374194,,23 / 37,505,2020-02-14 12:48:41:219
0.134,6.7469,6.749,0.1304,6.7897,7.0748,0.0307,-0.0503,-0.0153,-0.0195,-0.0067,0.0081,7303,15.05,-38.75,-25.79,236.38,-43.88,-0.96,5,56.948,23.550463,87.29023,83.87,NaN,0,10.374194,,23 / 37,1004,2020-02-14 12:48:41:718
-1.024,6.477,7.105,0.1505,6.7951,7.0693,-0.2151,0.0121,-0.0566,0.0063,0.0461,-0.028,7214,15.23,-39.25,-26.29,236.4,-43.86,-1.22,5,53.874,23.55046,87.29022,80.65,NaN,0,10.374194,,25 / 37,1504,2020-02-14 12:48:42:218
0.875,7.1658,5.7549,0.2288,6.7893,7.0727,0.4175,0.0065,0.1299,0.0132,-0.0409,-0.0117,6680,14.58,-39.3,-26.54,238.38,-43.88,-1.55,5,56.941,23.55046,87.29022,80.65,NaN,0,10.374194,,25 / 37,2005,2020-02-14 12:48:42:719
-0.0201,6.6828,6.7932,0.2011,6.7954,7.0677,0.035,-0.0456,0.1189,0.0077,0.0141,-0.0042,6689,14.74,-39.63,-26.17,234.73,-43.87,-1.6,5,54.904,23.55046,87.29022,80.65,NaN,0,10.374194,,25 / 37,2504,2020-02-14 12:48:43:218
-0.0709,6.7703,6.7831,0.2413,6.7805,7.0807,-0.3636,-0.0835,0.1492,-0.0051,0.0159,-0.0131,6689,15.26,-39.65,-26.16,234.6,-43.74,-1.95,5,59.296,23.55046,87.29022,80.65,NaN,0,10.374194,,25 / 37,3004,2020-02-14 12:48:43:718
0.6518,6.4024,7.1357,0.2,6.7887,7.0742,0.4707,-0.058,0.0817,-0.0169,0.015,0.0025,6486,15,-39.34,-26.3,236.51,-43.85,-1.68,5,47.018,23.55046,87.290215,80.65,NaN,0,13.832258,,25 / 37,3504,2020-02-14 12:48:44:218
-0.7563,7.7842,7.0498,0.1569,6.7778,7.0857,-0.6045,0.6037,0.6789,-0.0245,-0.0175,0.0148,6486,15.2,-39.26,-26.18,236.13,-43.72,-1.27,5,53.901,23.55046,87.290215,80.65,NaN,0,13.832258,,25 / 37,4004,2020-02-14 12:48:44:718
-0.1447,6.9782,5.7546,0.2632,6.771,7.089,0.8364,0.1471,0.2305,-0.0226,-0.0332,0.039,6536,15.07,-39.57,-26.1,234.79,-43.88,-1.69,5,60.157,23.55046,87.290215,80.65,NaN,0,13.832258,,25 / 37,4505,2020-02-14 12:48:45:219
-0.0744,7.0537,6.8906,0.2184,6.7935,7.0691,-0.3684,0.2104,0.386,0.0374,-0.0016,0.009,5943,16,-39.47,-26.08,238.23,-43.93,-1.77,5,57.426,23.55046,87.290215,80.65,NaN,0,13.832258,,25 / 37,5004,2020-02-14 12:48:45:718
0.5464,7.1835,6.5586,0.3526,6.919,6.9407,0.1194,0.5155,-1.5045,0.0161,0.0293,0.0667,6223,16.1,-40.22,-26.02,238.5,-44.87,-2.91,5,58.934,23.55046,87.290215,80.65,NaN,0,13.832258,,24 / 37,5504,2020-02-14 12:48:46:218
0.368,8.9022,3.8353,0.3614,7.0139,6.8443,0.477,0.5712,-0.0674,0.0188,-0.0011,0.0705,6755,16.27,-40.3,-25.61,240.37,-45.82,-2.79,5,59.21,23.55046,87.290215,80.65,NaN,0,13.832258,,24 / 37,6005,2020-02-14 12:48:46:719
-0.0208,7.6843,6.616,0.3361,7.1832,6.6678,0.2424,0.9619,0.1334,0.1027,-0.0269,-0.0074,6755,16.46,-40.35,-25.33,240.39,-46.77,-2.81,5,61.981,23.55046,87.29021,77.42,NaN,1.91,13.832258,113.2,24 / 37,6504,2020-02-14 12:48:47:218
1.9246,5.9649,7.3528,0.5383,7.2771,6.5517,0.1126,1.3231,-2.4289,0.1733,0.0517,0.0846,6661,17.06,-41.41,-24.89,242.55,-48.09,-4.32,5,63.451,23.55046,87.29021,77.42,NaN,1.91,13.832258,113.2,24 / 37,7004,2020-02-14 12:48:47:718
0.1874,9.6044,6.8951,0.2994,7.2695,6.5753,-2.0672,2.3935,0.4313,0.3452,-0.0107,-0.1332,6116,17.34,-42.1,-23.07,236.95,-47.84,-2.61,5,64.278,23.550468,87.29019,77.42,NaN,7.88,13.832258,285.3,23 / 37,7505,2020-02-14 12:48:48:219
1.008,2.9746,-1.0905,0.3724,7.2982,6.5397,-1.3756,0.5409,-2.6478,-0.1462,-0.171,0.1472,6958,15.77,-40.77,-25.23,241.39,-48.09,-3.26,5,66.846,23.550468,87.29019,77.42,NaN,7.88,13.832258,285.3,23 / 37,8004,2020-02-14 12:48:48:718
2.7208,8.9191,6.9683,0.7098,7.4734,6.3099,-0.3393,1.252,-1.6694,0.2449,0.0819,-0.0556,6861,15.54,-42.92,-24.48,237.9,-48.89,-7.08,5,65.688,23.550476,87.29016,77.42,NaN,12.35,10.374194,286.3,24 / 37,8504,2020-02-14 12:48:49:218
-3.8444,9.4366,4.748,0.3053,7.5143,6.2939,-0.7698,1.2323,-1.1858,-0.3961,-0.1565,0.1176,6909,16.98,-42.09,-23.63,242.99,-50.02,-2.78,5,67.59,23.550476,87.29016,77.42,NaN,12.35,10.374194,286.3,24 / 37,9005,2020-02-14 12:48:49:719
1.2907,4.2713,16.053,0.4512,7.4186,6.3978,-0.8431,-2.5266,5.9172,-0.3593,-0.0479,-0.0318,7073,15.66,-42.2,-23.97,238.11,-48.21,-4.01,5,68.425,23.550488,87.290115,77.42,NaN,16.52,10.374194,285.7,24 / 37,9504,2020-02-14 12:48:50:218
2.0402,10.7455,-3.1161,0.4983,7.5544,6.2332,0.238,-0.4694,0.3451,-0.049,0.0863,0.0128,5166,15.64,-42.64,-23.43,238.87,-50.38,-4.57,5,67.224,23.550488,87.290115,77.42,NaN,16.52,10.374194,285.7,24 / 37,10004,2020-02-14 12:48:50:718
-1.7303,7.9689,9.5714,0.1456,7.1613,6.6982,-0.7916,-0.3756,-0.8958,-0.0715,-0.0662,-0.0095,6091,16.06,-41.57,-23.47,237.85,-49.12,-1.13,5,67.059,23.550495,87.290054,77.42,NaN,18.86,10.374194,285.1,24 / 37,10504,2020-02-14 12:48:51:218
0.6031,6.2966,1.6972,0.4484,7.1825,6.6619,-0.5858,0.2271,0.9101,-0.0363,0.0747,0.043,6861,14.91,-42.06,-22.33,233.86,-48.68,-3.72,5,67.865,23.550495,87.290054,77.42,NaN,18.86,10.374194,285.1,24 / 37,11004,2020-02-14 12:48:51:718
-0.1189,7.5666,5.9299,0.4086,7.0891,6.7637,-0.5238,0.1524,2.1889,-0.1218,0.0388,-0.0653,6868,14.61,-37.67,-21.52,235.9,-46.29,-3.46,5,68.265,23.550512,87.29001,77.42,NaN,19.55,10.374194,286,25 / 37,11504,2020-02-14 12:48:52:218
2.1461,11.5025,-3.1543,0.4559,7.0939,6.7557,0.4824,1.0712,-2.1355,0.5275,-0.0731,0.0906,6990,15.3,-39.8,-25.76,240.17,-46.33,-3.86,5,67.642,23.550512,87.29001,77.42,NaN,19.55,10.374194,286,25 / 37,12004,2020-02-14 12:48:52:718
-0.8204,7.2757,13.4529,0.5168,7.0408,6.8066,0.4681,0.144,-1.6477,-0.0625,0.0587,-0.0334,6684,15.75,-41.94,-24.75,236.91,-46.56,-4.99,5,68.264,23.550526,87.28996,77.42,NaN,18,10.374194,286.1,25 / 37,12504,2020-02-14 12:48:53:218
2.7964,9.7043,-0.2984,0.3543,7.1799,6.6704,-1.1639,-2.0881,1.5389,0.08,0.0444,0.0277,4490,16.53,-41.99,-24.62,239.02,-47.07,-3.04,5,67.706,23.550526,87.28996,77.42,NaN,18,10.374194,286.1,25 / 37,13004,2020-02-14 12:48:53:718
-1.6379,4.2606,15.4617,0.5049,7.2115,6.6265,-0.5285,-1.5015,1.9303,0.2423,-0.0654,0.1388,4803,16.54,-42.32,-24.73,236.56,-45.72,-3.2,5,67.072,23.55054,87.28991,80.65,NaN,18.07,13.832258,286.5,25 / 37,13505,2020-02-14 12:48:54:219
0.9078,2.6309,7.3297,0.3744,7.0826,6.7725,-0.4744,-1.6599,2.4088,-0.0316,0.0385,-0.1148,5413,17.26,-42.47,-23.76,235.83,-46.24,-3.16,5,67.011,23.55054,87.28991,80.65,NaN,18.07,13.832258,286.5,25 / 37,14007,2020-02-14 12:48:54:721
-2.0937,3.8783,19.4548,0.2285,7.2381,6.6127,-0.3995,-1.265,4.0121,-0.0789,-0.087,-0.0175,6677,17.17,-41.01,-24.55,238.87,-46.2,-1.58,5,67.363,23.550564,87.28987,77.42,NaN,19.15,10.374194,295.5,25 / 37,14504,2020-02-14 12:48:55:218
1.1062,8.5294,5.5494,0.323,7.2495,6.5962,1.2217,0.7813,-1.9418,0.0404,-0.1461,0.0783,7450,17.16,-40.75,-24.82,240.12,-46.82,-2.28,5,67.734,23.550564,87.28987,77.42,NaN,19.15,10.374194,295.5,25 / 37,15004,2020-02-14 12:48:55:718
1.4056,8.4922,5.4283,0.4092,7.1335,6.7168,0.7679,0.8853,-1.6949,-0.0117,-0.0107,-0.0688,6299,16.84,-40.99,-24.9,239.86,-46.67,-3.49,5,67.16,23.550575,87.28981,80.65,NaN,21.89,10.374194,285.2,25 / 37,15504,2020-02-14 12:48:56:218
0.5364,5.7671,14.7156,0.5578,7.3017,6.5226,-0.1314,-2.1042,3.707,-0.2418,0.0168,0.0417,6149,16.77,-41.51,-25.21,241,-48.12,-4.89,5,67.211,23.550575,87.28981,80.65,NaN,21.89,10.374194,285.2,25 / 37,16004,2020-02-14 12:48:56:718
2.6191,7.6984,-0.3063,0.2599,6.8672,6.996,0.0395,-0.0838,-0.9282,-0.1496,-0.0433,-0.0375,6884,16.9,-39.89,-25.47,240.2,-46.01,-2.23,5,67.682,23.55059,87.289734,80.65,NaN,23.26,10.374194,282.7,25 / 37,16505,2020-02-14 12:48:57:219
-1.8401,0.0574,27.3945,0.5958,6.9424,6.9006,0.8267,-2.8376,0.0498,0.5173,-0.0429,0.2017,7619,15.85,-40.32,-26.66,240.86,-45.07,-4.94,5,67.568,23.55059,87.289734,80.65,NaN,23.26,10.374194,282.7,25 / 37,17004,2020-02-14 12:48:57:718
-1.5036,2.3384,13.6496,0.6565,6.7332,7.0995,1.7579,-0.259,-0.525,0.0093,0.0858,-0.0076,8431,15.73,-41.31,-26.33,234.48,-43.36,-4.91,5,66.401,23.550611,87.289696,77.42,NaN,21.42,10.374194,287.4,25 / 37,17504,2020-02-14 12:48:58:218
1.9961,9.2226,-2.5974,0.4456,6.803,7.0492,0.5661,-0.8952,2.5626,0.289,-0.0333,0.001,8007,16.53,-40.99,-25.49,235.04,-43.93,-3.62,5,66.105,23.550611,87.289696,77.42,NaN,21.42,10.374194,287.4,25 / 37,18005,2020-02-14 12:48:58:719
-0.3906,5.5228,6.2438,0.3898,6.6679,7.1804,-0.4429,-0.443,0.3336,-0.0127,0.0977,-0.1055,8632,16.13,-40.74,-24.95,234.97,-44.68,-3.88,5,66.194,23.550627,87.28965,74.19,NaN,18.5,10.374194,284.3,14 / 20,18505,2020-02-14 12:48:59:219
-0.5836,10.9209,-3.1979,0.1691,6.5279,7.3163,1.1584,-1.1296,2.1309,-0.2162,0.0334,-0.0939,8644,17.19,-39.5,-25.17,234.83,-43.1,-1.53,5,65.239,23.550627,87.28965,74.19,NaN,18.5,10.374194,284.3,14 / 20,19005,2020-02-14 12:48:59:719
-0.7852,-1.5056,16.1507,0.2347,6.8204,7.0426,0.0179,-2.2719,3.6297,0.0244,0.0073,0.0732,8382,16.25,-39.33,-25.7,238.52,-44.07,-1.91,5,64.857,23.550636,87.2896,74.19,NaN,17.24,10.374194,284.6,12 / 19,19504,2020-02-14 12:49:00:218
1.4381,3.3892,7.1312,-0.1248,6.7131,7.1477,0.7997,0.3248,-1.5188,0.1116,0.0056,-0.1669,8147,17.32,-36.95,-26.05,241.52,-43.2,1,5,64.927,23.550636,87.2896,74.19,NaN,17.24,10.374194,284.6,12 / 19,20004,2020-02-14 12:49:00:718
-2.884,2.3649,7.8111,-0.7038,6.597,7.2218,-0.9177,-1.936,3.7308,0.4936,-0.2153,-0.0559,8309,17.31,-33.57,-27.3,250.68,-43.52,4.94,5,63.333,23.550655,87.28956,77.42,NaN,16.2,13.832258,292.9,13 / 21,20505,2020-02-14 12:49:01:219
-0.869,4.5393,5.7697,-1.0323,6.8726,6.919,1.3204,-1.4566,4.403,0.0843,-0.0611,-0.3887,8629,17.39,-30.6,-27.56,261.62,-43.47,6.67,5,65.742,23.550655,87.28956,77.42,NaN,16.2,13.832258,292.9,13 / 21,21004,2020-02-14 12:49:01:718
1.1578,8.863,-3.6871,-1.8023,6.7035,6.9271,2.651,2.705,-2.7224,0.2438,-0.1796,-0.3343,9272,14.87,-24.48,-30.43,305.2,-43.12,14.58,5,65.549,23.55068,87.28952,77.42,NaN,16.67,10.374194,304.1,12 / 21,21504,2020-02-14 12:49:02:218
-0.496,9.1284,2.8142,-2.0208,6.9875,6.5773,1.9315,-3.393,4.6757,0.285,-0.1679,-0.3213,10108,11.52,-22.61,-33.25,352.99,-45.93,18.13,5,67.228,23.55068,87.28952,77.42,NaN,16.67,10.374194,304.1,12 / 21,22005,2020-02-14 12:49:02:719
1.7067,14.7806,-0.9567,-1.9474,7.1385,6.4358,-1.4992,1.4542,-0.2903,-0.6935,-0.4933,-0.3489,14403,3.2,-19.7,-37.29,35.1,-46.15,17.98,5,65.506,23.550701,87.28948,77.42,NaN,16.63,13.832258,304.1,13 / 21,22505,2020-02-14 12:49:03:219
0.0484,10.2753,8.1882,-1.2786,7.3172,6.4026,-2.4326,-0.7365,0.4675,0.3699,-0.4716,-0.0732,17504,-6.86,-21.17,-40,45.86,-48.26,11.29,5,64.647,23.550701,87.28948,77.42,NaN,16.63,13.832258,304.1,13 / 21,23004,2020-02-14 12:49:03:718
1.3353,9.2773,2.662,1.0436,7.449,6.2923,-1.2697,-2.2985,2.8065,0.0303,-0.2136,0.3434,22915,-14.74,-23.05,-42.3,28.66,-50.17,-6.47,5,64.353,23.550756,87.28947,80.65,NaN,18.29,10.374194,332.3,12 / 19,23504,2020-02-14 12:49:04:218
0.4516,8.8778,-1.319,1.2045,7.4589,6.2518,-1.2812,-1.577,3.2361,0.0137,0.0447,-0.1666,22915,-13.41,-23.06,-41.54,14.75,-49.52,-10.91,5,66.285,23.550756,87.28947,80.65,NaN,18.29,10.374194,332.3,12 / 19,24004,2020-02-14 12:49:04:718
-0.8656,11.5909,-1.5158,0.8499,7.446,6.325,-0.5198,-2.4645,3.7172,0.1679,0.1257,-0.0499,29279.002,-13.29,-22.75,-41.74,23.81,-47.63,-7.65,5,67.701,23.550823,87.28946,77.42,NaN,23.72,10.374194,349.5,14 / 18,24504,2020-02-14 12:49:05:218
1.8437,9.6029,0.843,1.0063,7.487,6.2533,-1.7465,-2.3524,3.4053,-0.4987,-0.0708,0.097,30000,-13.7,-23.23,-41.45,21.95,-50.43,-9.08,5,68.658,23.550823,87.28946,77.42,NaN,23.72,10.374194,349.5,14 / 18,25005,2020-02-14 12:49:05:719
-2.1349,7.2384,6.6057,1.042,7.5513,6.1695,-1.1286,-7.6461,15.1324,-0.1924,-0.0058,0.04,15688,-12.76,-22.4,-40.93,17.71,-50.36,-9.59,5,69.091,23.550884,87.28945,77.42,NaN,23.62,10.374194,351,14 / 18,25505,2020-02-14 12:49:06:219
-0.3719,6.35,5.9184,0.6633,7.3302,6.4807,-1.7294,-4.2797,7.52,0.5576,-0.109,0.0332,15688,-12.88,-23.82,-40.4,30.92,-48.37,-5.84,5,68.913,23.550884,87.28945,77.42,NaN,23.62,10.374194,351,14 / 18,26005,2020-02-14 12:49:06:719
-0.8522,2.2752,13.7728,0.7634,7.4061,6.3825,0.0747,1.3859,-3.7674,0.178,-0.0036,0.0652,15688,-13.25,-23.83,-40.61,25.26,-49.95,-6.9,5,69.408,23.55096,87.28944,77.42,NaN,27.43,10.374194,349.4,14 / 19,26504,2020-02-14 12:49:07:218
0.9274,1.0235,23.5654,0.9767,7.4204,6.3367,-1.0134,1.9272,-3.5997,-0.8133,-0.1303,0.0854,15688,-14.17,-22.88,-40.46,25.15,-49.17,-8.76,5,69.235,23.55096,87.28944,77.42,NaN,27.43,10.374194,349.4,14 / 19,27004,2020-02-14 12:49:07:718
-2.249,8.4932,15.8461,0.6865,7.681,6.0582,-0.7015,-6.3183,7.089,-0.4225,0.012,-0.0001,15688,-13.25,-23.82,-40.66,21.8,-52.57,-7.4,5,68.61,23.551044,87.28942,80.65,NaN,30.53,13.832258,348.2,13 / 17,27505,2020-02-14 12:49:08:219
3.9639,18.7522,-12.2013,0.5574,7.5148,6.2759,-0.3343,-5.4291,3.5004,-0.5914,0.1642,-0.0854,15688,-12.31,-22.96,-40.38,26.92,-50.02,-5.08,5,68.688,23.551044,87.28942,80.65,NaN,30.53,13.832258,348.2,13 / 17,28004,2020-02-14 12:49:08:718
-2.9473,0.3736,15.4838,0.3981,7.2537,6.5876,2.2583,3.6959,-3.7546,-0.1746,0.1036,-0.0763,15688,-9.82,-25.14,-39.82,23.91,-51.1,-4.18,5,68.612,23.551132,87.289406,80.65,NaN,31.72,17.290323,351,16 / 20,28505,2020-02-14 12:49:09:219
-1.3256,12.9703,-14.0762,0.4304,7.8696,5.8356,3.2622,7.7379,-12.3278,0.374,-0.1025,0.1448,23086,-9.96,-23.93,-41.53,35.01,-45.05,-1.29,5,68.81,23.551132,87.289406,80.65,NaN,31.72,17.290323,351,16 / 20,29004,2020-02-14 12:49:09:718
1.498,7.8321,5.1157,0.2226,7.365,6.4713,-0.4748,1.8558,-2.5597,-0.1564,0.0693,-0.0627,18436,-5.87,-21.68,-40.77,15.62,-48.68,-1.97,5,68.181,23.551216,87.28939,83.87,NaN,35.17,17.290323,347.3,12 / 17,29504,2020-02-14 12:49:10:218
-1.2991,1.8354,13.5837,0.1578,7.1673,6.6914,1.0396,0.0521,-3.8716,-0.056,-0.0794,0.0149,18436,-10.6,-22.99,-39.9,36.24,-46.96,-1.35,5,68.401,23.551216,87.28939,83.87,NaN,35.17,17.290323,347.3,12 / 17,30004,2020-02-14 12:49:10:718
-0.158,8.3331,10.5017,0.4079,7.1304,6.7202,-1.0858,0.1326,2.074,0.1061,-0.1038,0.0399,18436,-11.31,-22.92,-39.6,33.62,-46.19,-3.05,5,68.712,23.551315,87.28938,83.87,NaN,36.22,20.748388,350.5,14 / 19,30504,2020-02-14 12:49:11:218
2.3839,11.8865,-3.5038,0.6253,7.2691,6.5529,-1.9218,-1.5325,4.2183,-0.193,0.0297,-0.0701,18436,-12.49,-24.55,-41.39,35.99,-44.67,-4.88,5,69.004,23.551315,87.28938,83.87,NaN,36.22,20.748388,350.5,14 / 19,31005,2020-02-14 12:49:11:719
-1.085,0.1124,22.6433,0.712,6.8519,6.9796,-0.9465,0.8331,-1.4593,0.1689,0.047,0.0115,18436,-12.28,-24.42,-40.36,34.45,-44.32,-5.82,5,67.573,23.55144,87.28947,67.74,NaN,33.05,17.290323,357.4,14 / 19,31504,2020-02-14 12:49:12:218
-0.2041,2.7979,13.0666,0.4833,6.7307,7.1158,-0.9345,1.1099,-1.6452,0.2054,0.1285,-0.0318,18436,-10.21,-23.56,-41.27,33,-43.34,-3.89,5,66.797,23.55144,87.28947,67.74,NaN,33.05,17.290323,357.4,14 / 19,32005,2020-02-14 12:49:12:719
1.7135,8.3161,4.9421,0.306,6.7358,7.1208,-0.4243,-0.2668,-2.5264,-0.064,0.0218,-0.0406,18436,-9.87,-23.72,-41.2,33.6,-44.35,-2.98,5,68.842,23.551504,87.28944,67.74,NaN,30.96,17.290323,351.9,16 / 20,32504,2020-02-14 12:49:13:218
0.7101,11.9287,-2.6434,0.4764,6.7576,7.0907,-0.1056,1.6558,-3.0175,-0.0174,0.0746,0.0035,18436,-9.39,-24.21,-40.93,25.71,-44.7,-4.35,5,67.983,23.551504,87.28944,67.74,NaN,30.96,17.290323,351.9,16 / 20,33004,2020-02-14 12:49:13:718
-1.9283,3.0833,9.5559,0.4296,6.8155,7.0381,-0.4132,0.2014,2.9225,0.7506,-0.0514,0.1642,18436,-8.95,-23.9,-40.91,29.28,-44.03,-3.49,5,68.262,23.551573,87.289406,70.97,NaN,26.78,17.290323,350.8,15 / 18,33504,2020-02-14 12:49:14:218
0.5053,13.23,6.3292,0.4069,6.5084,7.3243,-1.63,-2.772,3.8346,0.0923,0.0667,-0.0193,18436,-8.49,-22.86,-40.51,25.92,-42.14,-3.86,5,66.107,23.551573,87.289406,70.97,NaN,26.78,17.290323,350.8,15 / 18,34005,2020-02-14 12:49:14:719
-3.4579,6.6698,23.4661,0.4356,6.9323,6.9227,0.8119,-1.1091,0.2434,-0.171,0.0797,-0.0582,18436,-8.2,-24.1,-39.94,24.59,-45.35,-3.64,5,66.062,23.551628,87.289375,70.97,NaN,24.98,20.748388,348.3,14 / 17,34505,2020-02-14 12:49:15:219
0.8787,3.8509,7.1881,0.2873,6.9014,6.9612,-0.2425,0.8696,1.3501,-0.4542,0.0817,-0.0683,25268,-8.67,-23.76,-39.67,30.83,-45.09,-2.9,5,66.295,23.551628,87.289375,70.97,NaN,24.98,20.748388,348.3,14 / 17,35005,2020-02-14 12:49:15:719
-0.7267,5.4871,6.2113,0.0364,6.8964,6.972,1.6362,-5.1526,0.7294,-0.1486,0.0239,-0.0866,16172,-8.27,-23.54,-39.91,35.08,-44.69,-0.3,5,65.766,23.55164,87.28936,61.29,NaN,23.54,17.290323,345.4,17 / 20,35504,2020-02-14 12:49:16:218
0.9255,11.0053,0.4907,0.1052,6.7591,7.1045,-0.5257,0.1741,0.291,0.4333,-0.144,0.2343,19065,-10.62,-24.31,-40.57,43.43,-43.57,-0.85,5,66.658,23.55164,87.28936,61.29,NaN,23.54,17.290323,345.4,17 / 20,36004,2020-02-14 12:49:16:718
1.9223,5.6321,5.3795,0.4404,6.7042,7.1436,1.2366,0.7437,0.2904,-0.6538,0.0713,-0.098,9834,-9.71,-24.63,-40.72,33.63,-43.35,-4.27,5,66.523,23.551697,87.289345,64.52,NaN,24.52,17.290323,346,15 / 18,36505,2020-02-14 12:49:17:219
-0.9952,9.2516,6.0069,0.2853,6.985,6.8774,-0.3183,2.2069,-1.4246,-0.2939,0.0519,-0.1013,10703,-7.89,-24.57,-40.9,23.85,-46.68,-3.16,5,66.337,23.551697,87.289345,64.52,NaN,24.52,17.290323,346,15 / 18,37005,2020-02-14 12:49:17:719
-2.0155,4.9035,14.0591,0.2216,7.055,6.808,-1.412,-1.4425,5.3929,-0.4419,0.0676,-0.0525,30000,-9.32,-24.22,-40.38,32.02,-46.01,-1.86,5,65.863,23.551756,87.28932,64.52,NaN,24.88,20.748388,345.5,15 / 17,37505,2020-02-14 12:49:18:219
0.2699,5.2633,6.7664,0.3112,6.8651,6.996,0.4941,-0.6662,0.8616,0.0305,0.0988,0.046,30000,-10.04,-23.72,-40.31,36.38,-44.43,-2.55,5,67.049,23.551756,87.28932,64.52,NaN,24.88,20.748388,345.5,15 / 17,38004,2020-02-14 12:49:18:718
-0.6357,5.2409,14.6876,0.019,6.8928,6.9756,-0.0634,0.4235,2.0885,0.514,-0.0308,-0.119,30000,-9.72,-22.95,-40.51,35.59,-45.3,-0.9,5,66.854,23.551817,87.28931,67.74,NaN,25.85,20.748388,345.2,15 / 18,38504,2020-02-14 12:49:19:218
2.4284,12.6191,1.7492,0.2147,7.1452,6.7135,0.5485,0.3465,-2.7551,-0.0015,-0.0256,0.0492,30000,-10.84,-23.3,-40.32,41.53,-44.11,-1.19,5,68.098,23.551817,87.28931,67.74,NaN,25.85,20.748388,345.2,15 / 18,39005,2020-02-14 12:49:19:719
-1.0476,4.0048,7.6638,0.1992,6.7956,7.0675,0.6441,-0.1764,0.9371,0.1159,-0.0323,0.0172,30000,-11.25,-22.43,-39.99,38.59,-44.57,-1.37,5,68.256,23.551888,87.2893,70.97,NaN,25.63,24.206451,348.4,15 / 19,39506,2020-02-14 12:49:20:220
0.5662,5.5965,8.4389,0.5332,6.8145,7.032,-0.2956,0.2587,1.1029,-0.0304,0.0565,0.0086,27416.998,-12.09,-22.85,-40.18,37.14,-44.02,-4.34,5,67.802,23.551888,87.2893,70.97,NaN,25.63,24.206451,348.4,15 / 19,40005,2020-02-14 12:49:20:719
-0.5903,6.5131,11.5929,0.3618,6.7704,7.0853,0.4699,0.8297,0.6587,-0.3733,0.0673,-0.0614,21770,-11.09,-22.82,-40.14,35.24,-44.23,-3.72,5,67.383,23.551975,87.2893,54.84,NaN,22.28,20.748388,355.4,16 / 20,40505,2020-02-14 12:49:21:219
4.8607,7.8857,-0.7704,0.0955,6.7019,7.1586,0.2199,0.4569,2.2142,-0.0113,0.1142,-0.1159,14076,-11.76,-23.27,-39.7,41.39,-44.99,-1.72,5,67.194,23.551975,87.2893,54.84,NaN,22.28,20.748388,355.4,16 / 20,41005,2020-02-14 12:49:21:719
-0.1815,4.5748,12.2216,0.0797,6.6772,7.1818,0.96,-0.4635,-1.8798,0.3527,-0.0345,-0.0203,12444,-11.51,-23.85,-39.52,49.85,-42.91,-0.64,5,66.269,23.552029,87.28928,54.84,NaN,22.36,20.748388,353.2,14 / 18,41504,2020-02-14 12:49:22:218
-0.1663,2.6498,15.4068,-0.0322,6.9028,6.9657,0.5072,-1.3828,5.6697,-0.0252,-0.0673,-0.0202,8329,-8.76,-24.35,-40.01,36.74,-45.66,-0.21,5,66.323,23.552029,87.28928,54.84,NaN,22.36,20.748388,353.2,14 / 18,42004,2020-02-14 12:49:22:718
1.2835,7.418,7.1873,-0.1323,6.8558,7.0108,1.8608,-0.1885,-2.0196,-0.6244,0.106,-0.2271,30000,-9.86,-24.12,-40.81,44.47,-43.79,1.01,5,66.111,23.55208,87.28927,58.06,NaN,21.02,20.748388,349.8,16 / 20,42504,2020-02-14 12:49:23:218
2.0825,9.6832,3.9024,-0.119,6.8279,7.0382,0.8241,-0.0327,-0.186,-0.2298,-0.0677,0.0184,30000,-12.52,-23.85,-41.92,49.14,-44.13,0.97,5,66.136,23.55208,87.28927,58.06,NaN,21.02,20.748388,349.8,16 / 20,43005,2020-02-14 12:49:23:719
-0.2406,4.7468,9.8059,-0.1179,6.9053,6.9622,-0.2659,-3.9484,4.3795,0.1402,0.1189,-0.1001,30000,-12.89,-23.52,-41.78,45.97,-44.64,-0.16,5,64.283,23.552122,87.28925,61.29,NaN,20.52,20.748388,353.3,15 / 17,43504,2020-02-14 12:49:24:218
3.7484,13.6364,-9.6601,-1.3123,6.3156,7.3866,2.2512,3.4269,-6.3132,0.1057,-0.2639,-0.4495,30000,-15.08,-23.67,-42.29,73.43,-40.09,10.07,5,62.023,23.552122,87.28925,61.29,NaN,20.52,20.748388,353.3,15 / 17,44005,2020-02-14 12:49:24:719
-5.9718,6.4973,15.125,-1.4607,6.8789,6.835,1.4487,-1.7223,0.1978,-0.1147,-0.1834,-0.2674,30000,-19.68,-26.91,-41.41,76.62,-45.58,12.18,5,64.876,23.552174,87.289246,61.29,NaN,20.56,24.206451,353.3,15 / 17,44504,2020-02-14 12:49:25:218
-0.091,7.5702,6.3793,-1.1804,7.0135,6.7519,1.9079,1.6262,-1.5892,-0.0401,-0.2143,-0.3233,30000,-26.51,-28.06,-40.32,82.4,-44.58,9.88,5,62.479,23.552174,87.289246,61.29,NaN,20.56,24.206451,353.3,15 / 17,45004,2020-02-14 12:49:25:718
-0.3874,8.6982,6.6558,-1.2037,6.9719,6.7907,1.4629,1.4712,-2.7909,0.3406,-0.1521,-0.286,30000,-33.42,-31.56,-38.1,90,-45.31,10.05,5,61.54,23.552208,87.28926,64.52,NaN,16.49,24.206451,4.6,17 / 20,45505,2020-02-14 12:49:26:219
-1.058,7.4018,10.121,-1.4033,6.9377,6.7874,0.1389,-1.4522,-0.8089,-0.0721,-0.4208,-0.3025,30000,-38.91,-35.76,-34.2,99.41,-45.03,11.68,5,65.514,23.552208,87.28926,64.52,NaN,16.49,24.206451,4.6,17 / 20,46004,2020-02-14 12:49:26:718
-4.5155,11.5218,3.5271,-1.3071,7.2557,6.4666,-1.0283,3.8311,-6.8702,-0.3141,-0.3402,-0.2839,30000,-42.67,-39.98,-30.65,104.12,-45.78,11.27,5,65.312,23.552233,87.2893,64.52,NaN,13.21,13.832258,43.1,17 / 35,46504,2020-02-14 12:49:27:218
1.9955,6.6229,7.608,-1.2579,7.3026,6.4234,2.1389,0.345,3.8505,0.1175,-0.4159,-0.2947,30000,-46.16,-45.53,-24.87,111.56,-47.48,11.47,5,66.267,23.552233,87.2893,64.52,NaN,13.21,13.832258,43.1,17 / 35,47004,2020-02-14 12:49:27:718
-1.6311,5.6123,30.6677,-0.5821,7.6344,6.1276,-1.0168,-2.132,0.5354,-0.7873,-0.1042,-0.258,30000,-48.44,-48.76,-18.84,111.53,-51.12,5.43,5,66.413,23.552237,87.28932,61.29,NaN,14.94,10.374194,78.9,17 / 20,47504,2020-02-14 12:49:28:218
0.0903,5.2846,16.3091,-0.7124,7.5186,6.2557,0.5317,-1.2343,1.8071,-0.2925,-0.2276,-0.213,19626,-48.75,-52.39,-14.82,117.48,-50.06,6.5,5,64.172,23.552237,87.28932,61.29,NaN,14.94,10.374194,78.9,17 / 20,48004,2020-02-14 12:49:28:718
2.1389,8.2532,1.2581,-0.4055,7.5806,6.2081,2.3678,2.339,-5.4123,-0.2961,-0.0497,-0.0781,17879,-49.55,-54.64,-10.47,121.39,-50.59,5.54,5,65.797,23.552248,87.28937,61.29,NaN,17.17,13.832258,86,14 / 17,48504,2020-02-14 12:49:29:218
-0.4169,15.0585,0.1454,0.0232,7.5603,6.246,0.39,1.8733,-5.9642,0.2571,-0.1695,0.2046,16342,-51.42,-54.91,-8.55,118.74,-50.44,-0.21,5,66.813,23.552248,87.28937,61.29,NaN,17.17,13.832258,86,14 / 17,49004,2020-02-14 12:49:29:718
0.7655,6.2018,4.2568,0.7237,7.3403,6.4627,0.4733,1.7891,-0.4953,0.3869,-0.1629,0.1591,15696,-51.86,-54.39,-4.57,116.4,-51.65,-5.88,5,67.414,23.552252,87.28941,61.29,NaN,17.14,13.832258,86,14 / 17,49505,2020-02-14 12:49:30:219
1.712,9.2711,4.6104,1.3817,7.5028,6.1619,-0.3415,1.3585,-0.2706,-0.0495,0.0707,0.1736,14024,-54.05,-51.99,-3.41,113.11,-49.91,-12.64,5,67.221,23.552252,87.28941,61.29,NaN,17.14,13.832258,86,14 / 17,50004,2020-02-14 12:49:30:718
5.6204,11.4172,-8.8769,1.0654,7.4463,6.2919,0.0499,-0.4493,0.0154,0.3243,-0.058,0.0478,13838,-53.79,-52.16,-4.14,115.8,-47.79,-9.48,5,65.761,23.552216,87.28947,61.29,NaN,19.22,13.832258,107.4,16 / 18,50504,2020-02-14 12:49:31:218
-1.8147,4.7843,23.3321,1.1525,7.4385,6.2857,-2.1102,-1.2264,-0.924,0.2962,-0.0278,0.141,14278,-53.55,-51.39,-3.84,112.61,-50.39,-10.67,5,67.114,23.552216,87.28947,61.29,NaN,19.22,13.832258,107.4,16 / 18,51006,2020-02-14 12:49:31:720
-1.2708,9.1319,9.0524,0.9451,7.3195,6.4577,-0.6636,0.6366,-3.7796,0.0954,0.1227,-0.044,15954,-55.42,-49.53,-4.86,113.76,-48.28,-8.33,5,67.632,23.552204,87.28951,64.52,NaN,19.37,10.374194,106.8,16 / 17,51505,2020-02-14 12:49:32:219
-5.3042,2.3754,20.8853,0.5054,7.3626,6.4581,-1.7185,-2.4069,5.7415,-0.1907,-0.0213,-0.0704,16498,-54.68,-51.92,-5.2,116.7,-48.66,-4.47,5,66.395,23.552204,87.28951,64.52,NaN,19.37,10.374194,106.8,16 / 17,52004,2020-02-14 12:49:32:718
2.3384,11.0217,-8.2155,0.6271,7.1145,6.7202,0.3778,-2.2109,-0.1026,0.3228,0.0189,0.0709,15200,-55.34,-51.69,-5.04,115.96,-48.79,-5.71,5,66.539,23.55219,87.289566,61.29,NaN,19.37,13.832258,106.8,16 / 17,52505,2020-02-14 12:49:33:219
2.3684,8.9457,1.8033,0.6191,7.184,6.6466,-1.6461,-0.9648,-0.1356,-0.3541,0.0893,-0.0503,15343,-55.52,-51.97,-4.78,115.04,-49.18,-6.05,5,66.24,23.55219,87.289566,61.29,NaN,19.37,13.832258,106.8,16 / 17,53004,2020-02-14 12:49:33:718
3.7898,12.5282,-3.4472,0.4532,7.2685,6.5677,1.4343,0.208,0.2419,0.2097,-0.1309,0.0903,15205,-55.65,-52.47,-5.17,117.1,-47.94,-3.73,5,66.404,23.552193,87.28964,51.61,NaN,22.97,13.832258,104.8,14 / 16,53504,2020-02-14 12:49:34:218
4.2491,6.3305,1.2876,0.4852,7.3683,6.4532,-0.0219,-1.2774,-0.6586,-0.1281,0.0451,-0.0712,15566,-55.32,-52.32,-5.33,116.76,-48.71,-4.3,5,67.1,23.552193,87.28964,51.61,NaN,22.97,13.832258,104.8,14 / 16,54004,2020-02-14 12:49:34:718
-0.0443,9.8259,9.8233,0.4836,7.1445,6.7002,1.4985,-1.5015,1.4626,0.4294,0.0974,0.0701,14617,-55.11,-52.77,-5.22,115.58,-50.43,-5.31,5,66.644,23.552176,87.289696,51.61,NaN,22.97,17.290323,104.8,13 / 16,54504,2020-02-14 12:49:35:218
0.4844,5.0359,11.1672,0.6157,7.2248,6.6026,-1.4412,-1.6869,3.8413,0.5098,-0.0174,0.0628,13961,-55.44,-52.63,-4.42,117.68,-48.39,-5.12,5,66.469,23.552176,87.289696,51.61,NaN,22.97,17.290323,104.8,13 / 16,55004,2020-02-14 12:49:35:718
4.3593,17.6192,-10.7441,0.5993,7.0038,6.838,0.6278,2.9314,-4.5422,-0.2418,0.0304,-0.1121,15497,-56.17,-51.5,-5.04,116.77,-46.78,-5.81,5,67.212,23.55216,87.28975,54.84,NaN,23.33,13.832258,106.1,14 / 18,55504,2020-02-14 12:49:36:218
3.2428,9.3213,-4.7584,0.5934,7.1365,6.6999,1.2348,1.2646,-4.0773,-0.0224,-0.0368,0.0356,14055,-55.84,-51.38,-4.62,116.64,-46.7,-5.06,5,66.594,23.55216,87.28975,54.84,NaN,23.33,13.832258,106.1,14 / 18,56004,2020-02-14 12:49:36:718
-2.2566,3.3163,9.0578,0.58,7.1086,6.7306,0.5929,-0.5361,-2.1877,-0.3615,0.0467,-0.0623,12856,-55.93,-51.4,-4.84,116.53,-47.04,-4.86,5,67.128,23.552132,87.2898,48.39,NaN,23.4,13.832258,108.2,15 / 18,56504,2020-02-14 12:49:37:218
1.3817,8.0877,6.2107,0.3666,7.2274,6.6182,-1.4197,-2.0214,4.7597,0.2754,0.1247,-0.0111,12180,-55.73,-51.41,-6.26,118.61,-44.09,-3.14,5,67.699,23.552132,87.2898,48.39,NaN,23.4,13.832258,108.2,15 / 18,57004,2020-02-14 12:49:37:718
1.8593,6.8801,0.0714,0.2318,7.1992,6.655,0.2187,1.847,-2.3487,0.039,-0.0262,-0.0818,9225,-55.24,-52.33,-5.25,118.89,-47.23,-1.99,5,66.572,23.552128,87.28987,54.84,NaN,23.98,13.832258,102.6,14 / 17,57505,2020-02-14 12:49:38:219
-1.4544,9.5393,3.5393,0.3583,7.1791,6.671,-0.6611,-0.5853,0.4981,0.1427,0.0233,0.0023,7248,-55.23,-52.21,-4.87,118.45,-47.06,-3.07,5,66.675,23.552128,87.28987,54.84,NaN,23.98,13.832258,102.6,14 / 17,58005,2020-02-14 12:49:38:719
1.0731,8.0895,1.222,0.3433,6.9159,6.9443,0.2602,-1.2187,1.7089,-0.1502,-0.0577,-0.0321,6526,-55.32,-51.96,-5.32,119.06,-46.29,-2.8,5,66.652,23.552124,87.28993,51.61,NaN,23.54,17.290323,101.3,15 / 19,58505,2020-02-14 12:49:39:219
-2.5124,3.7373,29.3862,0.5273,7.095,6.7493,-2.4667,-7.5618,4.9233,-0.0656,0.0467,0.0413,7647,-55.75,-51.32,-5.13,117.16,-46.34,-4.47,5,63.699,23.552124,87.28993,51.61,NaN,23.54,17.290323,101.3,15 / 19,59004,2020-02-14 12:49:39:718
0.6588,3.3372,16.0768,0.0839,6.7149,7.1466,-0.897,-1.4316,3.0309,-0.6712,0.0164,-0.1027,6675,-55.28,-51.86,-6.93,119.56,-44.53,-1.63,5,62.833,23.552109,87.28998,54.84,NaN,21.13,13.832258,104.4,15 / 20,59504,2020-02-14 12:49:40:218
2.9745,9.0535,4.6356,0.1128,6.3837,7.4435,0.9847,0.3152,-1.7514,-0.2848,-0.1046,-0.0082,7356,-54.71,-52.91,-5,123.56,-40.61,-0.87,5,59.666,23.552109,87.28998,54.84,NaN,21.13,13.832258,104.4,15 / 20,60006,2020-02-14 12:49:40:720
-0.3893,3.1014,8.5356,0.4848,6.2155,7.5699,0.541,-0.4337,-0.9503,-0.0584,0.0092,0.067,8460,-56.03,-51.61,-5.58,120.78,-41.01,-3.46,5,59.936,23.5521,87.29003,58.06,NaN,15.41,13.832258,106.5,15 / 20,60504,2020-02-14 12:49:41:218
2.6709,11.4893,-7.0927,0.586,6.3404,7.4583,-1.6457,-4.694,3.5136,0.7186,-0.0112,0.1701,8262,-56.96,-49.61,-6.07,119.24,-39.77,-4.87,5,59.74,23.5521,87.29003,58.06,NaN,15.41,13.832258,106.5,15 / 20,61004,2020-02-14 12:49:41:718
-1.2439,5.3555,7.8079,0.4009,5.9711,7.7689,0.3679,-2.361,3.4232,0.1835,0.0679,-0.0091,8955,-56.83,-48.89,-7,120.13,-37.51,-2.95,5,58.871,23.552095,87.29006,58.06,NaN,10.12,13.832258,102.7,13 / 18,61505,2020-02-14 12:49:42:219
-0.9411,3.2062,14.8554,0.448,5.5873,8.0468,-0.3312,-0.973,2.2276,-0.0557,-0.0523,0.0391,10078,-57.06,-47.96,-6.84,120.77,-34.73,-3.19,5,59.287,23.552095,87.29006,58.06,NaN,10.12,13.832258,102.7,13 / 18,62005,2020-02-14 12:49:42:719
0.7188,8.1644,5.6922,1.0216,6.1966,7.5318,0.8135,1.5897,-2.267,0.1509,-0.0935,-0.0053,7867,-57.73,-48.54,-3.86,118.9,-38.47,-6.96,5,58.069,23.552101,87.29007,54.84,NaN,0,17.290323,,13 / 18,62505,2020-02-14 12:49:43:219
1.2966,6.3067,8.439,0.9151,6.2058,7.538,-0.7414,0.9227,-0.7351,-0.0207,0.0984,-0.1687,8087,-57.41,-48.46,-4.44,117.99,-39.03,-8.19,5,56.413,23.552101,87.29007,54.84,NaN,0,17.290323,,13 / 18,63005,2020-02-14 12:49:43:719
0.2012,6.8972,5.2317,0.6021,6.2513,7.5319,-0.1432,0.9275,-0.8951,0.0085,-0.0298,0.0343,9014,-56.68,-49.2,-4.84,119.32,-39.6,-4.57,5,54.972,23.552101,87.29007,54.84,NaN,0,17.290323,,10 / 15,63505,2020-02-14 12:49:44:219
0.3623,6.3834,6.2768,0.6014,6.3603,7.4401,0.7271,0.5739,0.5136,0.0023,0.0352,-0.1006,8678,-56.66,-49.18,-5.89,118.39,-40.43,-4.62,5,56.777,23.552101,87.29007,54.84,NaN,0,17.290323,,10 / 15,64005,2020-02-14 12:49:44:719
0.1364,6.7614,8.104,0.4511,6.4719,7.354,0.0979,0.6185,-0.1294,-0.008,0.009,-0.0188,8801,-56.22,-49.61,-6.18,119.61,-40.99,-3.53,5,57.58,23.552105,87.29008,51.61,NaN,0,13.832258,,15 / 19,64504,2020-02-14 12:49:45:218
0.3393,8.0182,3.4272,0.3665,6.5663,7.2746,-0.8106,0.3764,-0.0842,0.0327,0.0027,-0.0029,8073,-55.95,-49.91,-6.42,119.32,-42.03,-2.88,5,53.579,23.552105,87.29008,51.61,NaN,0,13.832258,,15 / 19,65006,2020-02-14 12:49:45:720
0.6278,6.6199,7.1653,0.4764,6.6005,7.2371,0.0591,0.3401,-0.3971,0.0247,-0.0182,0.0277,7835,-56.38,-49.54,-6.13,118.84,-42.25,-3.7,5,54.427,23.552105,87.29008,51.61,NaN,0,13.832258,,15 / 19,65504,2020-02-14 12:49:46:218
